,STATE,TRACTFIPS,COUNTYFIPS,STATEFIPS,TERRITORY,ACS_TOT_POP_WT,ACS_TOT_POP_US_ABOVE1,ACS_TOT_POP_ABOVE5,ACS_TOT_POP_ABOVE15,ACS_TOT_POP_ABOVE16,ACS_TOT_POP_16_19,ACS_TOT_POP_ABOVE25,ACS_TOT_CIVIL_POP_ABOVE18,ACS_TOT_CIVIL_VET_POP_ABOVE25,ACS_TOT_OWN_CHILD_BELOW17,ACS_TOT_CIVILIAN_LABOR,ACS_TOT_CIVIL_EMPLOY_POP,ACS_TOT_WORKER_HH,ACS_TOT_WORKER_NWFH,ACS_TOT_CIVIL_NONINST_POP_POV,ACS_TOT_CIVIL_POP_POV,ACS_TOT_POP_POV,ACS_TOT_GRANDCHILDREN_GP,ACS_TOT_HU,ACS_TOT_HH,ACS_AVG_HH_SIZE,ACS_TOT_CIVIL_NONINST_POP,ACS_TOT_CIVIL_VET_POP,ACS_PCT_CHILD_DISAB,ACS_PCT_DISABLE,ACS_PCT_NONVET_DISABLE_18_64,ACS_PCT_VET_DISABLE_18_64,ACS_PCT_FEMALE,ACS_PCT_MALE,ACS_PCT_CTZ_ABOVE18,ACS_PCT_CTZ_NATURALIZED,ACS_PCT_CTZ_NONUS_BORN,ACS_PCT_CTZ_US_BORN,ACS_PCT_FOREIGN_BORN,ACS_PCT_NON_CITIZEN,ACS_PCT_NONCTN_1990,ACS_PCT_NONCTN_1999,ACS_PCT_NONCTN_2000,ACS_PCT_NONCTN_2010,ACS_PCT_API_LANG,ACS_PCT_ENGL_NOT_ALL,ACS_PCT_ENGL_NOT_WELL,ACS_PCT_ENGL_VERY_WELL,ACS_PCT_ENGL_WELL,ACS_PCT_ENGLISH,ACS_PCT_HH_LIMIT_ENGLISH,ACS_PCT_OTH_EURP,ACS_PCT_OTH_LANG,ACS_PCT_SPANISH,ACS_PCT_GULFWAR_1990_2001,ACS_PCT_GULFWAR_2001,ACS_PCT_GULFWAR_VIETNAM,ACS_PCT_VET,ACS_PCT_VIETNAM,ACS_MEDIAN_AGE,ACS_MEDIAN_AGE_FEMALE,ACS_MEDIAN_AGE_MALE,ACS_PCT_AGE_0_4,ACS_PCT_AGE_5_9,ACS_PCT_AGE_10_14,ACS_PCT_AGE_15_17,ACS_PCT_AGE_0_17,ACS_PCT_AGE_18_29,ACS_PCT_AGE_18_44,ACS_PCT_AGE_30_44,ACS_PCT_AGE_45_64,ACS_PCT_AGE_50_64,ACS_PCT_AGE_ABOVE65,ACS_PCT_AGE_ABOVE80,ACS_PCT_AIAN,ACS_PCT_AIAN_FEMALE,ACS_PCT_AIAN_MALE,ACS_PCT_AIAN_NONHISP,ACS_PCT_ASIAN,ACS_PCT_ASIAN_FEMALE,ACS_PCT_ASIAN_MALE,ACS_PCT_ASIAN_NONHISP,ACS_PCT_BLACK,ACS_PCT_BLACK_FEMALE,ACS_PCT_BLACK_MALE,ACS_PCT_BLACK_NONHISP,ACS_PCT_HISP_FEMALE,ACS_PCT_HISP_MALE,ACS_PCT_HISPANIC,ACS_PCT_MULT_RACE,ACS_PCT_MULT_RACE_FEMALE,ACS_PCT_MULT_RACE_MALE,ACS_PCT_MULT_RACE_NONHISP,ACS_PCT_NHPI,ACS_PCT_NHPI_FEMALE,ACS_PCT_NHPI_MALE,ACS_PCT_NHPI_NONHISP,ACS_PCT_OTHER_FEMALE,ACS_PCT_OTHER_MALE,ACS_PCT_OTHER_NONHISP,ACS_PCT_OTHER_RACE,ACS_PCT_WHITE,ACS_PCT_WHITE_FEMALE,ACS_PCT_WHITE_MALE,ACS_PCT_WHITE_NONHISP,ACS_PCT_HOUSEHOLDER_WHITE,ACS_PCT_HOUSEHOLDER_BLACK,ACS_PCT_HOUSEHOLDER_AIAN,ACS_PCT_HOUSEHOLDER_ASIAN,ACS_PCT_HOUSEHOLDER_NHPI,ACS_PCT_HOUSEHOLDER_OTHER,ACS_PCT_HOUSEHOLDER_MULT,ACS_PCT_AIAN_COMB,ACS_PCT_ASIAN_COMB,ACS_PCT_BLACK_COMB,ACS_PCT_NHPI_COMB,ACS_PCT_WHITE_COMB,ACS_PCT_HH_NO_COMP_DEV,ACS_PCT_HH_SMARTPHONE,ACS_PCT_HH_SMARTPHONE_ONLY,ACS_PCT_HH_TABLET,ACS_PCT_HH_TABLET_ONLY,ACS_PCT_HH_PC,ACS_PCT_HH_PC_ONLY,ACS_PCT_HH_OTHER_COMP,ACS_PCT_HH_OTHER_COMP_ONLY,ACS_PCT_HH_INTERNET,ACS_PCT_HH_INTERNET_NO_SUBS,ACS_PCT_HH_BROADBAND,ACS_PCT_HH_BROADBAND_ONLY,ACS_PCT_HH_BROADBAND_ANY,ACS_PCT_HH_CELLULAR,ACS_PCT_HH_CELLULAR_ONLY,ACS_PCT_HH_NO_INTERNET,ACS_PCT_HH_SAT_INTERNET,ACS_PCT_HH_DIAL_INTERNET_ONLY,ACS_PCT_CHILD_1FAM,ACS_PCT_CHILDREN_GRANDPARENT,ACS_PCT_GRANDP_RESPS_NO_P,ACS_PCT_GRANDP_RESPS_P,ACS_PCT_GRANDP_NO_RESPS,ACS_PCT_HH_KID_1PRNT,ACS_PCT_DIVORCED_F,ACS_PCT_DIVORCED_M,ACS_PCT_MARRIED_SP_AB_F,ACS_PCT_MARRIED_SP_AB_M,ACS_PCT_MARRIED_SP_PR_F,ACS_PCT_MARRIED_SP_PR_M,ACS_PCT_NVR_MARRIED_F,ACS_PCT_NVR_MARRIED_M,ACS_PCT_WIDOWED_F,ACS_PCT_WIDOWED_M,ACS_PCT_POP_SAME_SEX_UNMRD_P,ACS_PCT_POP_SAME_SEX_SPOUSE,ACS_PCT_ADMIN,ACS_PCT_ARMED_FORCES,ACS_PCT_ART,ACS_PCT_CONSTRUCT,ACS_PCT_EDUC,ACS_PCT_EMPLOYED,ACS_PCT_FINANCE,ACS_PCT_GOVT,ACS_PCT_INFORM,ACS_PCT_MANUFACT,ACS_PCT_NATURE,ACS_PCT_NOT_LABOR,ACS_PCT_OTHER,ACS_PCT_PROFESS,ACS_PCT_PVT_NONPROFIT,ACS_PCT_PVT_PROFIT,ACS_PCT_RETAIL,ACS_PCT_TRANSPORT,ACS_PCT_UNEMPLOY,ACS_PCT_VET_LABOR_FORCE_18_64,ACS_PCT_VET_UNEMPL_18_64,ACS_PCT_WHOLESALE,ACS_PCT_WORK_RES_F,ACS_PCT_WORK_RES_M,ACS_GINI_INDEX,ACS_MDN_GRNDPRNT_NO_PRNT_INC,ACS_MDN_GRNDPRNT_INC,ACS_MEDIAN_HH_INC_AIAN,ACS_MEDIAN_HH_INC_ASIAN,ACS_MEDIAN_HH_INC_BLACK,ACS_MEDIAN_HH_INC_HISP,ACS_MEDIAN_HH_INC_MULTI,ACS_MEDIAN_HH_INC_NHPI,ACS_MEDIAN_HH_INC_OTHER,ACS_MEDIAN_HH_INC_WHITE,ACS_MEDIAN_HH_INC,ACS_MEDIAN_INC_F,ACS_MEDIAN_INC_M,ACS_MEDIAN_NONVET_INC,ACS_MEDIAN_VET_INC,ACS_PCT_INC50_ABOVE65,ACS_PCT_INC50_BELOW17,ACS_PCT_HEALTH_INC_BELOW137,ACS_PCT_HEALTH_INC_138_199,ACS_PCT_HEALTH_INC_200_399,ACS_PCT_HEALTH_INC_ABOVE400,ACS_PCT_HH_INC_10000,ACS_PCT_HH_INC_100000,ACS_PCT_HH_INC_14999,ACS_PCT_HH_INC_24999,ACS_PCT_HH_INC_49999,ACS_PCT_HH_INC_99999,ACS_PCT_INC50,ACS_PCT_NONVET_POV_18_64,ACS_PCT_VET_POV_18_64,ACS_PCT_PERSON_INC_100_124,ACS_PCT_PERSON_INC_125_199,ACS_PCT_PERSON_INC_ABOVE200,ACS_PCT_PERSON_INC_BELOW99,ACS_PER_CAPITA_INC,ACS_PCT_POV_AIAN,ACS_PCT_POV_ASIAN,ACS_PCT_POV_BLACK,ACS_PCT_POV_HISPANIC,ACS_PCT_POV_MULTI,ACS_PCT_POV_NHPI,ACS_PCT_POV_OTHER,ACS_PCT_POV_WHITE,ACS_PCT_HH_1FAM_FOOD_STMP,ACS_PCT_HH_FOOD_STMP,ACS_PCT_HH_FOOD_STMP_BLW_POV,ACS_PCT_HH_NO_FD_STMP_BLW_POV,ACS_PCT_HH_PUB_ASSIST,ACS_PCT_COLLEGE_ASSOCIATE_DGR,ACS_PCT_BACHELOR_DGR,ACS_PCT_NO_WORK_NO_SCHL_16_19,ACS_PCT_GRADUATE_DGR,ACS_PCT_HS_GRADUATE,ACS_PCT_LT_HS,ACS_PCT_POSTHS_ED,ACS_PCT_VET_BACHELOR,ACS_PCT_VET_COLLEGE,ACS_PCT_VET_HS,ACS_MEDIAN_HOME_VALUE,ACS_MEDIAN_RENT,ACS_MDN_OWNER_COST_MORTGAGE,ACS_MDN_OWNER_COST_NO_MORTG,ACS_MEDIAN_YEAR_BUILT,ACS_PCT_10UNITS,ACS_PCT_1UP_OWNER_1ROOM,ACS_PCT_1UP_PERS_1ROOM,ACS_PCT_1UP_RENT_1ROOM,ACS_PCT_HU_BUILT_1979,ACS_PCT_DIF_STATE,ACS_PCT_GRP_QRT,ACS_PCT_HH_1PERS,ACS_PCT_HH_ABOVE65,ACS_PCT_HH_ALONE_ABOVE65,ACS_PCT_HU_NO_FUEL,ACS_PCT_HU_UTILITY_GAS,ACS_PCT_HU_BOT_TANK_LP_GAS,ACS_PCT_HU_OIL,ACS_PCT_HU_WOOD,ACS_PCT_HU_COAL,ACS_PCT_HU_OTHER,ACS_PCT_HU_ELEC,ACS_PCT_HU_SOLAR,ACS_PCT_IN_COUNTY_MOVE,ACS_PCT_IN_STATE_MOVE,ACS_PCT_HU_KITCHEN,ACS_PCT_HU_MOBILE_HOME,ACS_PCT_OWNER_HU,ACS_PCT_OWNER_HU_COST_30PCT,ACS_PCT_OWNER_HU_COST_50PCT,ACS_PCT_OWNER_HU_CHILD,ACS_PCT_HU_PLUMBING,ACS_PCT_RENTER_HU_COST_30PCT,ACS_PCT_RENTER_HU_COST_50PCT,ACS_PCT_RENTER_HU,ACS_PCT_RENTER_HU_ABOVE65,ACS_PCT_RENTER_HU_CHILD,ACS_PCT_VACANT_HU,ACS_PCT_COMMT_15MIN,ACS_PCT_COMMT_29MIN,ACS_PCT_COMMT_59MIN,ACS_PCT_COMMT_60MINUP,ACS_PCT_DRIVE_2WORK,ACS_PCT_HU_NO_VEH,ACS_PCT_PUB_COMMT_15MIN,ACS_PCT_PUB_COMMT_29MIN,ACS_PCT_PUB_COMMT_59MIN,ACS_PCT_PUB_COMMT_60MINUP,ACS_PCT_PUBL_TRANSIT,ACS_PCT_TAXICAB_2WORK,ACS_PCT_WALK_2WORK,ACS_PCT_WORK_NO_CAR,ACS_PCT_MEDICAID_ANY,ACS_PCT_MEDICAID_ANY_BELOW64,ACS_PCT_MEDICARE_ONLY,ACS_PCT_OTHER_INS,ACS_PCT_PVT_EMPL_DRCT,ACS_PCT_PVT_EMPL_DRCT_BELOW64,ACS_PCT_PRIVATE_ANY,ACS_PCT_PRIVATE_ANY_BELOW64,ACS_PCT_PRIVATE_EMPL,ACS_PCT_PRIVATE_EMPL_BELOW64,ACS_PCT_PRIVATE_MDCR,ACS_PCT_PRIVATE_MDCR_35_64,ACS_PCT_PRIVATE_OTHER,ACS_PCT_PRIVATE_OTHER_BELOW64,ACS_PCT_PRIVATE_SELF,ACS_PCT_PRIVATE_SELF_BELOW64,ACS_PCT_PUBLIC_ONLY,ACS_PCT_PUBLIC_OTHER,ACS_PCT_PUBLIC_OTHER_BELOW64,ACS_PCT_SELF_MDCR_ABOVE35,ACS_PCT_TRICARE_VA,ACS_PCT_TRICARE_VA_BELOW64,ACS_PCT_UNINSURED,ACS_PCT_UNINSURED_BELOW64,CEN_AREALAND_SQM_TRACT,CEN_POPDENSITY_TRACT,WUSTL_AVG_PM25,HIFLD_DIST_UC_TRACT,POS_DIST_ED_TRACT,POS_DIST_MEDSURG_ICU_TRACT,POS_DIST_TRAUMA_TRACT,POS_DIST_PED_ICU_TRACT,POS_DIST_OBSTETRICS_TRACT,POS_DIST_CLINIC_TRACT,POS_DIST_ALC_TRACT,CEN_AIAN_NH_IND,COUNTY
0,Alabama,1076025564,1075,1,0,3405,3367,3200,2776,2732,180,2327,2634,223,643,1562,1475,1448,1393,3311,2562,3320,83,1579,1314,2,3349,226,4,16,14,23,51,48,76,1,1,96,3,1,0,0,0,0,0,0,0,3,1,94,1,0,0,3,22,20,15,8,36,40,41,38,5,5,6,3,21,16,34,18,26,20,17,3,0,51,48,0,1,60,39,1,29,52,47,29,46,53,4,2,50,49,1,0,56,43,0,45,54,0,1,64,51,48,62,66,29,0,1,0,0,1,1,1,30,0,66,13,78,13,53,1,66,4,2,0,78,3,56,7,77,69,16,18,8,0,37,12,28,31,39,18,15,13,4,4,42,46,28,34,10,3,0,0,5,0,8,6,22,93,5,15,1,14,1,43,4,9,6,72,11,5,6,68,4,2,32,28,0,52940,65355,57269,101791,44621,58659,60531,0,50675,60326,52977,22550,36231,27388,44000,3,11,25,12,31,30,8,20,6,11,24,28,7,17,11,5,15,61,17,27876,19,14,24,25,23,25,25,14,31,14,8,9,15,30,15,2,9,31,13,54,26,37,36,146731,824,1171,383,1976,6,1,1,3,46,2,2,30,31,12,0,26,6,0,0,0,0,64,0,7,2,5,13,68,18,7,26,4,45,22,31,15,35,16,27,37,28,7,97,6,16,28,26,28,0,1,1,2,17,19,6,7,1,1,56,60,42,50,3,0,0,0,5,6,25,0,0,3,1,2,9,11,35,964,7,9,5,7,17,36,8,4,15,0,Abbeville County
1,Alaska,2098197718,2098,2,0,4163,4108,3868,3290,3235,206,2731,3021,354,899,2078,1929,1888,1865,3989,2974,4064,91,1798,1441,2,4017,365,3,12,10,17,47,52,73,4,6,90,9,3,0,0,0,1,5,0,1,10,2,84,2,2,4,3,27,29,14,11,32,37,37,36,6,6,6,3,23,16,37,20,25,19,13,2,16,51,48,15,5,57,42,5,2,39,60,2,47,52,6,9,47,52,7,1,43,56,1,43,56,0,1,62,45,54,59,68,2,15,4,0,1,6,22,8,4,1,70,6,86,9,62,0,78,4,4,0,85,2,64,7,84,75,15,12,6,0,29,8,24,28,46,16,15,12,5,6,45,42,29,38,6,2,0,0,12,2,9,6,24,92,3,27,1,3,4,32,4,7,9,54,10,8,7,77,6,1,69,66,0,78891,93768,62244,87479,81883,77685,82115,88644,81428,84980,76906,29059,43986,35038,54131,1,5,16,9,30,43,4,35,3,6,18,31,5,10,9,3,11,74,10,37112,18,8,11,11,11,27,11,7,22,11,4,5,14,34,18,2,10,29,7,63,27,41,30,261592,1243,1860,606,1983,7,5,6,9,39,4,4,27,26,9,0,40,1,34,8,0,0,12,0,9,2,9,4,64,22,8,31,11,41,18,35,11,34,22,49,33,12,5,80,11,24,23,26,25,1,6,11,7,17,19,4,7,1,1,51,53,39,44,3,0,1,2,4,4,27,0,0,1,5,5,13,15,3226,1579,3,61,23,37,47,99,24,19,68,0,Acadia Parish
2,American Samoa,60032062172,60031,60,1,0,0,0,0,0,0,0,0,0,0,0,0,0,0,0,0,0,0,0,0,0,0,0,0,0,0,0,0,0,0,0,0,0,0,0,0,0,0,0,0,0,0,0,0,0,0,0,0,0,0,0,0,0,0,0,0,0,0,0,0,0,0,0,0,0,0,0,0,0,0,0,0,0,0,0,0,0,0,0,0,0,0,0,0,0,0,0,0,0,0,0,0,0,0,0,0,0,0,0,0,0,0,0,0,0,0,0,0,0,0,0,0,0,0,0,0,0,0,0,0,0,0,0,0,0,0,0,0,0,0,0,0,0,0,0,0,0,0,0,0,0,0,0,0,0,0,0,0,0,0,0,0,0,0,0,0,0,0,0,0,0,0,0,0,0,0,0,0,0,0,0,0,0,0,0,0,0,0,0,0,0,0,0,0,0,0,0,0,0,0,0,0,0,0,0,0,0,0,0,0,0,0,0,0,0,0,0,0,0,0,0,0,0,0,0,0,0,0,0,0,0,0,0,0,0,0,0,0,0,0,0,0,0,0,0,0,0,0,0,0,0,0,0,0,0,0,0,0,0,0,0,0,0,0,0,0,0,0,0,0,0,0,0,0,0,0,0,0,0,0,0,0,0,0,0,0,0,0,0,0,0,0,0,0,0,0,0,0,0,0,0,0,0,0,0,0,0,0,0,0,0,0,0,0,0,0,0,0,0,4,0,0,0,0,0,0,0,0,0,0,0,Accomack County
3,Arizona,4015281918,4015,4,0,4064,4019,3820,3294,3241,217,2745,3123,274,787,1934,1822,1787,1641,3964,3052,3973,90,1722,1497,2,4003,278,4,14,10,19,50,49,71,5,6,86,13,6,1,1,1,2,1,1,2,17,3,73,4,1,2,19,20,20,13,9,36,40,41,39,5,5,6,3,21,16,34,18,24,18,19,4,4,50,49,4,3,57,42,3,4,45,54,3,50,49,30,6,48,51,2,0,46,53,0,49,50,0,6,74,49,50,55,78,4,4,2,0,5,5,5,4,5,0,80,7,84,8,62,0,79,4,2,0,85,2,69,8,85,75,11,11,8,0,33,10,17,30,51,18,15,12,4,4,43,46,29,35,8,2,0,0,5,0,10,7,22,93,8,14,1,6,1,40,4,12,6,71,12,5,6,73,5,2,45,41,0,40879,71418,53348,108364,66285,67713,79797,55179,61156,69983,66446,27598,41223,32990,45715,3,8,21,12,31,35,6,27,3,8,22,31,6,14,9,4,14,66,14,32689,24,12,19,16,15,14,16,12,23,11,5,8,11,33,18,2,11,24,12,63,29,42,27,252220,1202,1461,453,1966,10,3,4,6,32,3,2,26,32,11,0,32,3,0,2,0,0,59,0,10,1,2,10,66,21,8,29,1,45,21,33,17,36,12,26,36,29,7,93,5,8,13,37,39,1,2,2,2,18,20,7,6,1,1,55,60,40,50,2,0,0,0,5,7,27,0,0,4,1,1,10,12,64,3646,8,6,4,5,12,21,5,4,15,0,Ada County
4,Arkansas,5080793827,5080,5,0,3659,3618,3430,2951,2901,194,2462,2799,230,736,1678,1591,1561,1504,3546,2709,3552,78,1676,1422,2,3593,233,6,18,16,28,51,48,74,1,2,95,4,2,0,0,0,1,1,0,1,3,1,93,1,0,0,4,20,18,14,8,38,40,41,38,6,6,6,3,22,15,34,18,25,19,17,4,0,50,49,0,1,60,39,1,17,48,51,17,47,52,6,3,48,51,3,0,54,45,0,44,55,0,2,73,50,49,70,76,16,0,1,0,1,2,2,1,18,0,77,12,79,14,51,0,65,4,1,0,75,4,51,7,75,66,17,19,9,0,34,10,29,33,37,17,16,14,4,4,45,48,25,31,10,3,0,0,4,0,7,6,24,94,4,15,1,13,3,42,4,7,7,70,12,5,5,68,4,2,36,31,0,45527,57137,77984,86241,39558,52207,62292,49567,47547,54318,50555,22618,33216,26895,38420,2,9,26,14,31,27,7,18,6,12,25,29,7,16,11,5,17,59,17,26977,21,14,27,23,20,21,22,14,27,12,6,10,13,29,14,2,8,34,13,51,21,35,43,130408,747,1081,369,1983,6,1,2,4,43,2,2,29,31,11,0,36,7,0,3,0,0,51,0,8,3,4,12,66,16,6,28,4,42,19,33,16,35,15,36,35,22,5,96,6,24,19,34,21,0,1,1,2,24,27,7,6,1,1,51,54,37,44,2,0,0,0,5,7,33,0,0,4,1,1,8,9,63,834,7,16,5,7,7,42,8,3,17,0,Adair County
5,California,6055459136,6055,6,0,4310,4263,4046,3495,3440,223,2920,3313,164,835,2177,2042,1980,1830,4217,3251,4227,91,1556,1435,3,4254,167,3,11,8,17,50,49,66,13,15,72,27,12,2,2,3,3,9,2,6,25,7,57,9,4,1,27,17,20,13,5,35,38,39,37,5,5,6,3,22,17,37,20,25,18,15,3,0,49,50,0,14,54,45,13,5,46,53,5,49,50,37,7,49,50,3,0,49,50,0,49,50,0,13,57,49,50,38,61,6,0,13,0,11,5,2,16,7,0,64,5,87,7,65,0,81,3,3,0,88,2,73,6,88,79,10,9,8,0,27,8,10,24,65,19,13,9,5,5,41,44,33,40,7,2,0,0,4,0,10,6,21,93,5,14,2,8,2,36,5,13,6,70,10,5,6,75,5,2,39,34,0,61310,90864,74590,111257,77406,80135,105444,97745,72487,94017,85630,31242,48075,38593,55534,3,6,19,10,27,42,4,38,4,7,17,27,5,12,9,4,12,70,12,39665,17,12,20,14,12,18,15,11,18,9,3,8,10,28,21,1,12,20,16,62,32,41,26,614847,1736,2462,659,1885,16,5,8,12,60,1,2,23,30,9,3,62,3,0,1,0,0,26,0,7,2,2,3,55,32,14,31,0,53,26,44,15,39,7,22,34,30,12,89,7,4,13,35,47,5,2,3,3,22,23,5,4,1,1,58,63,44,52,2,0,0,0,7,9,29,0,0,2,0,0,7,8,17,8777,12,3,2,3,8,13,3,2,8,0,Adams County
6,Colorado,8046574815,8046,8,0,3928,3887,3700,3207,3156,199,2695,3033,252,782,2128,2029,1999,1800,3827,2969,3845,55,1631,1477,2,3862,256,3,11,8,16,49,50,74,4,5,89,10,4,0,1,1,1,1,0,1,10,2,84,2,2,0,10,22,24,13,8,34,38,39,38,5,5,6,3,20,17,38,21,25,19,15,3,1,50,49,0,2,57,42,2,3,39,60,3,48,51,20,5,49,50,2,0,53,46,0,47,52,0,3,82,49,50,69,85,3,0,2,0,3,4,2,4,4,0,87,5,87,6,65,0,84,4,2,0,89,2,74,8,89,79,9,8,8,0,25,6,18,29,52,13,14,12,3,3,47,47,28,35,6,2,0,0,4,0,10,8,21,95,6,14,2,6,2,32,4,13,7,71,10,4,4,78,4,2,41,36,0,66099,78128,57753,107346,67215,75359,93275,0,66715,83741,80389,31622,48707,38941,52766,2,5,15,9,28,45,4,36,3,6,18,30,5,10,7,3,11,74,10,40254,16,12,19,12,12,14,13,9,17,7,3,6,8,29,26,2,15,21,7,71,39,36,23,390989,1415,1821,516,1904,15,1,2,4,45,4,2,27,26,9,0,67,6,0,2,0,0,23,0,8,5,1,4,66,23,9,28,1,48,22,33,14,32,8,27,36,28,7,90,4,5,15,45,34,3,2,3,2,15,17,5,5,1,1,62,67,47,55,2,0,0,0,7,9,23,0,0,3,2,2,7,8,71,3764,7,6,4,5,5,13,5,3,9,0,Addison County
7,Connecticut,9005874876,9005,9,0,4043,4006,3836,3367,3315,221,2819,3199,179,757,2178,2047,1985,1859,3919,3096,3926,47,1722,1569,2,3986,181,4,11,8,14,51,48,73,7,8,84,15,6,0,1,2,3,2,1,2,14,4,77,5,6,1,12,13,14,14,5,35,41,43,40,5,5,6,3,20,15,34,18,28,21,17,4,0,49,50,0,4,53,46,4,11,48,51,10,49,50,17,4,49,50,2,0,56,43,0,49,50,0,5,73,51,48,64,77,10,0,3,0,4,3,1,5,13,0,77,8,82,6,63,1,80,5,2,0,87,2,76,10,86,75,8,10,3,0,31,5,13,25,60,17,13,10,3,3,43,46,32,38,8,2,0,0,3,0,8,6,26,93,8,12,2,10,0,34,4,11,9,70,10,4,6,80,5,2,21,19,0,48160,88738,82071,139110,70502,76958,96593,0,53206,94802,88935,33442,54025,42481,55567,2,5,15,8,24,51,5,39,3,6,17,27,5,10,7,3,9,76,10,45599,19,10,17,15,11,15,18,9,22,12,5,5,13,24,21,2,17,26,9,63,32,29,37,322613,1375,2209,929,1769,12,1,1,2,70,2,3,28,30,11,0,36,4,39,1,0,0,16,0,6,1,1,0,64,29,12,28,1,49,25,35,21,28,9,27,37,25,9,89,9,6,16,30,46,5,1,3,4,18,19,5,5,1,1,64,69,50,60,3,0,0,0,5,7,25,0,0,3,0,0,5,6,5,3816,6,4,3,3,7,12,4,2,4,0,Adjuntas Municipio
8,Delaware,10003301458,10003,10,0,3693,3658,3484,3047,3004,186,2594,2898,245,672,1851,1743,1710,1601,3577,2815,3592,66,1673,1415,2,3633,248,5,13,10,14,51,48,76,4,5,90,9,4,0,0,1,1,2,0,1,8,2,87,2,2,0,6,18,15,15,8,39,43,44,41,5,5,5,3,19,15,32,17,26,21,20,4,0,43,56,0,3,55,44,3,21,50,49,20,50,49,8,3,50,49,2,0,44,55,0,50,49,0,2,68,51,48,63,72,20,0,3,0,1,2,1,4,23,0,72,6,84,8,63,0,78,5,2,0,87,2,75,9,87,76,9,9,4,0,34,8,17,30,52,17,14,10,4,3,43,48,30,35,9,2,0,0,5,0,8,6,24,94,9,15,1,7,0,38,4,10,8,71,11,5,5,76,4,2,10,10,0,55902,79933,34321,108183,64383,69775,82429,0,69637,78191,72721,30152,44510,36175,48230,2,7,16,9,28,45,5,32,3,7,20,31,5,11,7,3,11,73,11,38173,17,10,16,16,14,17,20,8,25,10,4,6,11,26,19,1,13,30,9,59,31,29,38,274498,1199,1615,486,1896,9,0,1,3,47,4,2,28,35,11,0,41,10,10,0,0,0,34,0,6,1,1,7,72,22,9,24,0,47,23,27,17,32,13,26,39,25,8,93,6,7,21,31,38,2,1,2,3,16,19,5,8,1,2,62,66,45,57,5,0,0,0,4,6,23,0,0,3,1,1,5,6,7,2778,6,6,5,5,6,17,5,4,7,0,Aguada Municipio
9,District of Columbia,11001010617,11001,11,0,3407,3365,3189,2871,2845,152,2436,2781,120,514,1997,1854,1792,1614,3237,2634,3248,66,1549,1399,2,3359,123,4,11,9,15,52,47,76,6,7,85,14,6,0,0,2,3,2,0,1,11,3,83,3,4,1,8,21,30,14,4,26,35,36,34,6,4,4,2,16,22,49,27,20,15,12,3,0,47,52,0,4,56,43,4,43,53,46,43,49,50,10,4,53,46,2,0,33,66,0,50,49,0,4,43,47,52,38,45,43,0,4,0,3,3,1,5,45,0,46,7,87,7,64,0,81,3,2,0,85,2,75,5,85,79,8,11,3,0,39,8,10,25,63,17,11,8,5,4,23,29,55,57,5,1,0,1,16,0,9,2,18,91,6,25,3,1,0,29,8,22,18,51,4,3,8,79,6,0,78,73,0,0,80006,8995,141209,61516,110110,126735,0,101783,152101,100791,51617,63878,56203,78264,6,10,20,6,18,55,8,46,3,5,12,22,9,15,13,3,7,73,15,60898,24,10,23,15,12,14,16,10,27,12,6,7,13,15,25,2,34,16,7,75,55,21,23,626871,1710,2633,773,1344,44,1,3,4,75,8,5,43,22,11,1,53,0,1,0,0,0,42,0,9,0,1,0,43,23,10,21,1,44,22,56,15,19,9,12,33,44,9,43,34,1,20,60,16,35,7,13,25,21,22,2,5,2,2,65,68,50,57,3,0,0,0,7,8,25,0,0,1,0,1,3,3,0,20235,6,1,1,1,1,2,1,0,1,0,Aguadilla Municipio
10,Florida,12071779599,12071,12,0,4111,4070,3892,3435,3388,187,2956,3282,271,703,1984,1876,1842,1708,4019,3216,4029,74,1853,1537,2,4049,274,4,14,10,18,51,48,73,11,12,78,21,8,0,1,2,4,1,2,4,16,5,71,7,5,0,21,20,18,14,8,35,44,45,43,5,4,5,3,18,14,32,17,26,20,22,5,0,48,51,0,2,57,42,2,14,50,49,14,50,49,24,5,50,49,2,0,57,42,0,49,50,0,3,73,50,49,55,76,13,0,2,0,2,4,0,3,16,0,78,7,84,8,60,0,79,5,3,0,84,3,70,9,84,74,10,11,6,0,34,9,18,27,54,17,17,13,5,5,41,45,27,34,10,3,0,0,4,0,11,7,20,94,7,11,1,5,1,42,5,13,6,75,12,5,5,73,4,2,27,25,0,50653,70942,53572,96185,55965,63144,78408,30000,60737,68365,62473,25986,38621,30577,46360,3,7,21,12,31,35,6,25,4,9,23,30,6,13,9,4,14,66,13,34271,16,12,19,16,14,19,17,12,26,13,5,7,14,29,19,1,11,28,11,59,31,36,32,255177,1313,1620,559,1967,17,2,3,4,39,2,2,28,37,13,2,4,0,0,0,0,0,92,0,8,3,1,9,65,26,11,23,0,54,27,34,18,33,15,21,36,32,8,93,6,8,19,34,37,1,2,1,2,14,16,8,6,1,1,54,61,36,46,3,0,0,0,9,12,26,0,0,4,1,1,12,15,10,4287,7,4,4,4,15,14,5,3,8,0,Aguas Buenas Municipio
11,Georgia,13131048398,13130,13,0,3761,3717,3528,3021,2967,209,2502,2846,220,768,1860,1756,1720,1600,3647,2765,3661,84,1548,1369,2,3691,223,4,13,10,19,51,48,72,4,5,89,10,5,0,0,1,2,2,0,1,8,2,86,2,2,1,7,25,22,15,7,33,38,39,36,6,6,6,3,23,16,36,19,25,19,14,3,0,47,52,0,3,56,43,3,32,51,48,31,49,50,9,3,50,49,2,0,46,53,0,47,52,0,2,57,51,48,52,60,31,0,3,0,2,2,1,4,33,0,60,8,84,9,61,0,76,4,2,0,83,2,67,7,83,74,11,13,7,0,35,9,19,29,50,19,15,11,5,4,42,45,31,37,8,2,0,0,5,0,9,6,20,94,6,14,2,10,1,36,4,12,5,73,11,6,5,75,4,2,23,21,0,47333,63582,36455,105363,58621,70985,88150,40341,56111,74273,66021,27489,41501,32898,49172,3,8,22,11,29,35,7,27,4,9,22,29,7,14,9,4,14,65,15,32663,21,12,19,18,18,18,20,12,26,12,6,8,13,27,19,2,12,27,12,59,30,36,32,205575,1085,1452,474,1969,10,1,2,3,35,2,2,27,27,9,0,37,4,0,0,0,0,55,0,6,4,2,9,63,20,8,29,2,45,22,36,13,38,11,23,35,30,10,93,6,7,16,33,41,2,2,1,3,14,15,5,5,1,1,58,61,44,51,2,0,0,0,6,7,22,0,0,2,2,2,13,15,20,1924,7,6,5,5,16,23,6,4,10,0,Aibonito Municipio
12,Guam,66010955596,66010,66,1,0,0,0,0,0,0,0,0,0,0,0,0,0,0,0,0,0,0,0,0,0,0,0,0,0,0,0,0,0,0,0,0,0,0,0,0,0,0,0,0,0,0,0,0,0,0,0,0,0,0,0,0,0,0,0,0,0,0,0,0,0,0,0,0,0,0,0,0,0,0,0,0,0,0,0,0,0,0,0,0,0,0,0,0,0,0,0,0,0,0,0,0,0,0,0,0,0,0,0,0,0,0,0,0,0,0,0,0,0,0,0,0,0,0,0,0,0,0,0,0,0,0,0,0,0,0,0,0,0,0,0,0,0,0,0,0,0,0,0,0,0,0,0,0,0,0,0,0,0,0,0,0,0,0,0,0,0,0,0,0,0,0,0,0,0,0,0,0,0,0,0,0,0,0,0,0,0,0,0,0,0,0,0,0,0,0,0,0,0,0,0,0,0,0,0,0,0,0,0,0,0,0,0,0,0,0,0,0,0,0,0,0,0,0,0,0,0,0,0,0,0,0,0,0,0,0,0,0,0,0,0,0,0,0,0,0,0,0,0,0,0,0,0,0,0,0,0,0,0,0,0,0,0,0,0,0,0,0,0,0,0,0,0,0,0,0,0,0,0,0,0,0,0,0,0,0,0,0,0,0,0,0,0,0,0,0,0,0,0,0,0,0,0,0,0,0,0,0,0,0,0,0,0,0,0,0,0,0,0,3,0,0,0,0,0,0,0,0,0,0,0,Aiken County
13,Hawaii,15003674581,15003,15,0,3080,3041,2889,2525,2492,131,2161,2329,206,493,1532,1463,1474,1426,2929,2288,2996,112,1185,1015,3,2961,211,2,11,7,16,49,50,72,10,13,79,20,7,1,1,2,3,21,0,3,14,6,74,5,1,0,2,19,27,10,10,35,41,42,39,6,5,5,3,20,16,35,19,25,19,18,5,0,45,54,0,37,54,45,36,1,35,64,1,48,51,10,23,49,50,18,10,48,51,9,45,54,0,1,25,45,54,22,30,2,0,39,8,1,16,2,55,3,25,42,7,85,6,66,0,80,4,2,0,87,2,76,7,87,78,9,9,4,0,25,16,6,22,70,18,11,9,5,5,44,46,29,36,9,2,0,0,9,4,15,6,21,95,6,21,1,2,1,34,4,10,7,63,11,6,4,78,4,2,41,38,0,33167,123344,11250,94238,80895,90677,97757,86839,84644,94591,88534,32534,45718,36917,53606,3,5,13,8,28,49,4,41,2,5,16,29,4,9,7,2,9,78,9,38335,27,7,14,12,9,16,10,9,19,10,3,5,11,31,22,2,11,26,7,65,33,37,28,668047,1833,2532,611,1973,22,7,9,12,55,3,3,23,38,10,57,2,1,0,0,0,0,33,3,8,0,2,0,59,29,12,27,1,51,25,40,17,37,11,24,34,31,9,85,8,3,17,40,38,6,3,5,4,13,15,4,7,2,2,64,69,45,56,6,0,2,2,5,6,23,0,0,2,5,6,3,4,13,10309,0,11,5,5,18,42,6,2,42,0,Aitkin County
14,Idaho,16030025041,16029,16,0,3847,3802,3596,3040,2982,214,2511,2862,251,883,1872,1794,1759,1632,3769,2807,3778,56,1617,1423,2,3798,253,4,13,11,19,49,50,72,2,3,93,6,3,0,0,0,1,0,0,1,6,1,89,1,1,0,7,20,18,13,9,38,38,39,38,6,6,7,4,24,15,34,18,24,18,16,3,1,47,52,1,1,61,38,1,0,31,68,0,50,49,11,4,49,50,2,0,56,43,0,47,52,0,3,88,49,50,82,91,0,1,1,0,2,3,2,2,1,0,92,6,83,6,63,0,81,6,2,0,86,3,66,8,85,75,11,10,11,0,22,5,19,27,53,12,13,12,3,3,52,53,23,29,7,2,0,0,5,0,9,8,22,95,5,14,1,9,5,37,4,9,7,69,11,4,4,75,3,2,39,33,0,50703,67698,47590,91471,43603,57073,64871,0,54101,63790,62725,22848,39422,30188,43499,2,5,19,12,34,33,4,24,4,9,23,33,5,12,8,4,15,67,12,30291,25,16,23,18,14,33,18,10,21,8,3,7,9,35,19,2,9,26,8,65,29,41,29,252340,944,1348,409,1946,5,1,2,4,41,4,1,25,30,10,0,49,6,1,7,0,0,33,0,8,3,1,7,71,19,7,30,1,43,18,28,14,36,10,37,36,20,5,94,3,12,16,30,40,0,2,2,1,13,14,5,6,1,1,61,66,44,52,2,0,0,0,9,11,20,0,0,4,1,1,10,12,181,1823,7,9,5,7,20,26,5,3,14,0,Alachua County
15,Illinois,17079766654,17079,17,0,3894,3851,3663,3173,3122,202,2660,3014,167,777,2031,1910,1863,1741,3800,2938,3803,62,1645,1495,2,3839,169,3,11,9,16,51,48,72,6,7,86,13,6,0,1,1,2,2,0,2,13,4,78,4,4,1,12,17,17,14,5,36,39,40,38,5,5,6,3,22,16,36,19,25,19,15,4,0,47,52,0,5,55,44,5,16,48,51,16,48,51,16,4,50,49,2,0,52,47,0,48,51,0,5,68,50,49,59,71,16,0,4,0,4,2,0,5,17,0,72,9,82,8,60,0,76,4,2,0,84,2,68,7,84,74,11,12,7,0,32,7,15,28,56,17,12,10,3,3,43,45,33,38,8,2,0,0,3,0,8,5,23,93,6,12,1,11,1,35,4,11,9,73,10,6,6,78,5,2,39,35,0,61839,76527,52291,119179,53994,74777,84730,0,67142,79629,72457,29402,45829,36726,49221,3,7,19,10,28,41,6,31,4,8,19,29,6,12,8,3,12,70,13,36470,14,11,23,15,14,18,15,12,28,14,6,6,14,28,20,2,13,26,10,62,27,36,35,225368,1108,1732,705,1669,12,1,2,3,67,1,2,29,29,11,0,77,4,0,0,0,0,16,0,8,2,3,2,65,23,10,29,2,45,22,34,17,32,9,24,31,32,11,84,11,6,12,35,46,10,1,3,5,18,20,5,4,1,1,63,67,49,58,3,0,0,0,5,6,24,0,0,3,0,0,6,7,17,6814,8,6,3,3,9,15,3,3,7,0,Alamance County
16,Indiana,18090100608,18089,18,0,3948,3904,3702,3182,3128,216,2633,3020,216,819,1992,1898,1843,1760,3825,2920,3827,65,1712,1534,2,3890,219,5,14,12,20,50,49,74,1,2,94,5,3,0,0,0,1,1,0,1,5,1,91,1,1,0,4,17,16,17,7,35,38,40,37,6,6,6,3,23,16,35,18,25,19,16,3,0,49,50,0,2,57,42,2,10,44,55,10,47,52,7,3,50,49,2,0,51,48,0,43,56,0,2,81,51,48,77,83,10,0,1,0,1,2,0,2,12,0,84,10,80,10,57,1,73,5,2,0,82,2,63,8,81,71,13,15,7,0,33,7,24,29,45,17,15,13,3,3,44,46,28,35,9,2,0,0,3,0,9,6,22,94,4,10,1,18,1,36,4,8,9,75,11,5,5,76,4,2,37,33,0,60152,67354,109203,91291,47999,64327,63141,0,53162,62358,59534,24672,39488,31268,41599,3,8,21,11,33,33,6,22,4,9,24,32,6,14,9,4,14,66,14,29653,19,15,25,19,20,16,18,12,22,10,5,8,11,28,16,2,9,33,11,54,20,34,44,144667,860,1127,420,1804,7,1,1,2,60,2,2,29,28,11,0,60,7,0,2,0,0,28,0,8,3,3,4,68,16,6,28,2,42,20,31,15,33,11,30,37,25,6,94,7,14,22,30,32,1,1,2,3,16,18,5,5,1,1,62,65,48,57,2,0,0,0,5,5,23,0,0,4,0,0,8,9,21,1872,8,5,4,4,18,16,4,4,7,0,Alameda County
17,Iowa,19111045198,19110,19,0,3515,3474,3297,2839,2795,192,2349,2700,196,748,1871,1798,1741,1654,3403,2605,3405,34,1571,1421,2,3467,199,4,12,9,17,50,49,74,2,2,94,5,3,0,0,0,1,1,0,1,4,1,91,1,1,0,4,17,15,13,7,37,39,41,38,6,6,6,3,22,16,34,17,25,19,17,4,0,51,48,0,2,57,42,2,3,40,59,3,48,51,6,2,49,50,2,0,46,53,0,46,53,0,1,89,50,49,85,92,3,0,1,0,0,1,0,2,4,0,92,10,79,8,58,1,75,6,1,0,82,3,63,8,82,72,12,13,8,0,28,4,24,24,50,13,12,11,2,2,50,50,25,33,9,2,0,0,3,0,7,6,23,95,6,13,1,15,4,33,4,7,8,70,11,5,4,80,3,2,42,36,0,65973,73700,68818,85770,43591,60083,66121,58238,57460,64032,62918,26776,41447,33816,41412,2,6,18,10,33,37,5,25,4,8,22,33,5,11,7,4,13,70,11,32199,20,10,28,18,18,22,19,10,27,10,4,6,11,32,18,1,8,31,7,60,22,35,42,152084,792,1256,505,1742,9,1,1,2,67,2,3,29,29,12,0,58,15,0,1,0,0,22,0,7,3,2,3,71,16,5,28,2,38,18,28,18,29,9,42,36,17,4,94,5,26,25,28,18,0,1,3,2,15,18,4,6,1,1,66,70,50,60,2,0,0,0,6,7,22,0,0,6,0,0,4,5,62,1516,7,16,5,6,8,21,6,4,14,0,Alamosa County
18,Kansas,20119428662,20119,20,0,3513,3470,3285,2805,2757,193,2306,2640,204,774,1815,1741,1712,1622,3396,2559,3411,45,1544,1377,2,3442,208,4,13,11,20,50,49,72,2,3,92,7,4,0,0,1,1,1,0,1,7,2,87,2,1,0,8,19,20,13,8,36,38,39,37,6,6,6,4,23,16,35,18,24,18,16,4,0,47,52,0,2,54,45,2,6,40,59,5,49,50,12,4,50,49,3,0,49,50,0,46,53,0,2,82,50,49,74,85,6,0,2,0,2,3,2,3,7,0,87,8,82,9,59,0,76,5,2,0,83,3,66,8,83,73,11,13,7,0,28,5,25,28,45,14,13,11,3,3,49,50,26,32,8,2,0,0,4,0,8,6,24,95,5,15,1,12,3,33,4,8,7,69,10,5,4,78,3,2,48,41,0,61204,77133,48454,94594,55923,63665,68365,83750,58028,66250,64135,26251,42181,33316,44079,2,6,19,11,33,35,5,25,4,9,23,32,5,12,9,4,14,68,12,31712,17,13,23,17,16,13,16,10,18,7,4,8,8,32,20,2,11,26,9,63,27,38,33,157820,886,1355,534,1865,7,1,2,3,60,2,2,29,28,11,0,63,8,0,1,0,0,24,0,8,3,4,4,66,17,6,30,3,40,18,33,17,32,11,40,37,17,3,95,5,23,29,29,18,0,1,2,2,11,12,5,5,1,2,65,69,49,58,2,0,0,0,6,8,19,0,0,5,1,2,9,10,98,1796,7,15,3,6,13,28,5,3,17,0,Albany County
19,Kentucky,21112445158,21112,21,0,3416,3377,3207,2776,2731,177,2323,2634,194,654,1613,1526,1483,1423,3303,2550,3310,74,1527,1338,2,3353,197,6,18,16,25,50,49,75,1,2,95,4,2,0,0,0,1,0,0,0,3,1,94,1,1,0,2,20,17,15,7,37,39,41,38,6,6,6,3,22,16,34,18,26,20,16,3,0,45,54,0,1,58,41,1,8,45,54,8,44,55,3,2,47,52,2,0,51,48,0,42,57,0,1,86,50,49,84,88,7,0,1,0,0,1,0,1,9,0,89,12,78,10,56,1,69,5,2,0,80,2,62,9,80,69,13,16,7,0,32,10,32,28,39,17,16,13,4,4,46,48,25,32,10,3,0,0,4,0,8,6,24,93,5,15,1,14,2,41,4,8,7,71,11,6,6,69,5,2,25,24,0,47256,59096,31940,98814,48228,60336,62638,0,47318,55183,53532,22892,34618,27873,39935,3,11,26,12,32,29,8,20,5,10,24,29,8,17,12,5,14,61,18,28137,24,15,26,24,24,14,23,17,28,14,8,9,14,29,13,2,9,33,13,52,20,35,43,146338,780,1171,397,1885,6,1,2,3,49,2,3,28,30,11,0,34,6,0,3,0,0,53,0,7,3,4,12,67,17,7,28,3,42,21,32,15,34,12,30,37,24,6,95,7,18,22,33,25,1,1,2,2,24,27,6,6,1,1,55,57,42,50,3,0,0,0,4,5,32,0,0,3,1,1,5,6,30,1515,7,11,5,6,19,20,8,3,13,0,Albemarle County
20,Louisiana,22060545263,22060,22,0,3360,3319,3141,2700,2657,170,2261,2556,169,673,1560,1458,1430,1381,3254,2475,3265,83,1494,1262,2,3283,172,5,15,13,20,51,48,75,1,2,95,4,2,0,0,0,1,1,0,0,4,1,92,1,2,0,3,21,19,13,6,36,38,39,37,6,6,6,3,22,16,35,19,25,19,15,3,0,49,50,0,1,56,43,1,34,51,48,34,46,53,5,2,50,49,1,0,48,51,0,46,53,0,1,59,50,49,56,62,32,0,1,0,1,1,1,2,35,0,61,12,80,13,52,1,66,4,2,0,77,3,58,7,77,68,14,19,8,0,42,11,25,31,42,20,15,12,5,4,38,41,33,39,10,2,0,0,5,0,10,7,24,92,4,15,1,7,3,41,5,9,6,71,11,5,7,72,5,2,34,30,0,60807,54594,39898,87995,40018,67822,70046,76786,41370,62566,52876,23846,37321,28669,44543,3,13,28,12,28,31,9,21,6,12,22,26,9,19,12,5,14,59,20,29182,20,15,28,22,22,17,23,14,32,16,9,10,17,27,15,2,9,33,14,51,23,35,41,176700,904,1334,392,1875,6,1,2,3,52,1,2,31,29,12,0,33,2,0,0,0,0,63,0,7,3,5,12,65,19,8,27,4,51,27,34,14,35,16,29,37,25,8,93,9,10,22,35,30,1,2,2,4,25,28,6,6,1,1,51,54,38,45,2,0,0,0,5,6,33,0,0,2,1,1,8,10,31,2329,7,10,3,5,15,14,6,3,8,0,Alcona County
21,Maine,23015052037,23014,23,0,3294,3263,3137,2790,2753,155,2413,2672,247,551,1730,1660,1606,1495,3199,2601,3204,36,1834,1399,2,3255,249,6,16,13,22,50,49,80,2,3,95,4,1,0,0,0,0,0,0,0,4,1,93,0,3,0,0,18,15,15,9,38,45,46,44,4,5,5,3,18,13,30,17,29,22,21,5,0,46,53,0,1,64,35,1,1,35,64,1,48,51,1,2,51,48,2,0,60,39,0,47,52,0,0,93,51,48,92,95,0,0,0,0,0,2,2,1,2,0,96,9,76,5,60,1,78,8,1,0,84,3,71,13,83,68,8,12,4,0,29,5,19,21,59,13,16,14,2,2,48,50,24,30,9,3,0,0,4,0,8,7,27,95,5,13,1,8,2,38,4,8,13,63,12,4,4,73,2,1,20,18,0,53150,58439,24600,112504,60860,64387,62253,0,60828,61014,60327,25393,37623,30419,40779,2,6,18,11,32,37,5,24,5,10,22,31,4,12,7,4,13,69,11,33077,26,15,25,17,20,25,18,11,28,13,6,6,14,29,19,2,11,31,7,60,26,33,39,207550,898,1409,531,1778,5,0,1,2,56,2,2,29,34,13,0,7,11,60,10,0,1,7,0,7,2,3,8,72,21,8,23,3,43,18,27,23,26,21,33,33,25,7,93,6,8,26,33,31,0,1,4,2,15,16,6,7,1,1,60,65,43,54,3,0,0,0,6,8,23,0,0,4,1,1,7,9,75,1087,4,20,6,8,29,33,7,5,12,0,Alcorn County
22,Maryland,24088231761,24087,24,0,4093,4048,3846,3338,3285,205,2823,3162,239,792,2199,2085,2050,1898,3979,3085,3996,73,1667,1512,2,4025,242,4,11,9,14,51,48,72,7,8,84,15,6,0,0,2,3,3,0,2,11,3,82,3,4,2,7,24,24,16,7,31,40,41,38,5,5,6,3,21,15,35,19,27,20,15,3,0,49,50,0,5,54,45,5,30,51,48,30,49,50,9,4,51,48,3,0,55,44,0,49,50,0,4,54,50,49,50,58,30,0,5,0,3,2,1,7,32,0,58,6,85,6,66,0,82,4,3,0,88,2,75,7,87,79,10,9,4,0,31,8,13,27,58,19,13,10,4,5,41,45,33,38,8,2,0,0,10,0,8,7,24,94,6,21,1,4,0,32,5,15,10,63,9,5,5,81,4,1,23,20,0,84417,91492,89575,128844,84814,100326,120915,0,80798,101233,92768,37209,53443,43806,66266,3,6,14,8,25,52,4,42,2,5,15,28,4,9,6,2,9,77,10,42958,13,9,13,11,10,9,13,8,22,10,4,5,11,25,21,2,18,24,9,65,38,30,30,332995,1511,2038,655,1827,15,1,2,3,56,2,2,27,29,10,0,44,3,8,1,0,0,40,0,7,2,2,1,66,23,9,29,1,47,23,33,17,34,8,17,31,35,15,86,9,3,9,31,55,8,1,2,5,16,17,4,6,1,1,65,69,50,59,4,0,0,0,5,6,22,0,0,2,1,1,5,6,6,4932,6,3,3,4,10,14,4,3,6,0,Aleutians East Borough
23,Massachusetts,25017436432,25017,25,0,4242,4201,4021,3554,3504,231,2972,3398,177,754,2351,2231,2146,2007,4093,3266,4097,53,1798,1633,2,4197,179,4,12,9,17,51,48,73,9,10,81,18,8,0,0,1,4,4,1,3,15,4,75,6,9,1,9,13,17,14,5,34,40,41,39,5,5,5,3,19,18,37,19,26,20,16,4,0,49,50,0,6,54,45,6,7,47,52,6,51,48,12,4,51,48,2,0,58,41,0,48,51,0,4,75,51,48,69,79,6,0,5,0,3,3,0,7,9,0,80,7,83,5,64,1,81,5,2,0,88,2,78,9,87,78,8,9,2,0,29,6,13,23,62,16,12,9,4,4,41,45,35,40,8,2,0,0,3,0,8,5,28,94,7,11,2,8,0,32,4,14,13,68,10,4,5,77,5,2,29,26,0,49625,91416,81095,132629,75208,79441,95704,0,60692,95242,90537,34607,53239,43348,53124,3,5,15,7,23,53,5,42,4,6,15,25,5,10,8,3,9,76,11,45593,23,12,19,17,13,16,20,9,22,12,5,5,13,22,24,1,20,23,9,67,35,29,35,456289,1432,2329,858,1416,16,1,2,3,70,2,3,28,30,11,0,52,3,24,1,0,0,16,0,6,2,1,0,60,28,11,28,0,47,23,39,21,25,8,23,31,32,12,80,13,3,13,34,48,10,2,6,7,19,20,4,6,1,2,66,70,51,61,3,0,0,0,6,7,24,0,0,3,0,0,2,3,4,7922,6,5,2,2,9,17,3,3,4,0,Aleutians West Census Area
24,Michigan,26107414116,26107,26,0,3305,3270,3117,2717,2675,173,2271,2587,174,638,1642,1544,1498,1421,3231,2528,3232,48,1528,1319,2,3270,176,4,14,12,20,50,49,76,3,4,92,7,3,0,0,0,1,1,0,1,6,1,90,1,2,1,2,16,13,16,6,37,41,42,39,5,5,6,3,21,16,34,17,26,20,17,4,0,50,49,0,2,55,44,2,16,46,53,16,49,50,5,3,50,49,2,0,55,44,0,49,50,0,1,75,49,50,72,77,15,0,2,0,1,2,1,3,18,0,78,9,80,9,58,1,74,5,2,0,83,2,65,9,83,72,12,13,6,0,33,7,16,27,56,17,14,12,3,3,44,45,30,37,9,2,0,0,3,0,9,5,23,93,5,10,1,18,1,39,4,9,9,74,10,4,6,72,5,2,20,17,0,54440,70048,54746,108812,51579,70334,71237,0,58040,65783,62669,25251,40229,31874,42796,2,8,21,11,31,35,7,25,4,9,23,30,7,14,10,4,13,67,15,32018,19,13,25,17,18,21,18,14,27,14,7,7,14,32,17,2,11,29,9,61,23,39,37,165338,947,1311,517,1829,8,1,1,2,65,1,2,30,30,12,0,75,8,1,2,0,0,9,0,8,3,4,4,71,20,8,26,3,46,23,28,17,31,13,28,38,26,6,93,8,11,24,34,29,1,1,2,3,19,22,4,6,1,1,62,64,46,56,5,0,0,0,5,6,25,0,0,3,0,0,5,6,18,2541,7,5,4,5,12,20,5,4,10,0,Alexander County
25,Minnesota,27080029467,27079,27,0,3721,3678,3487,3002,2953,189,2526,2855,191,795,2043,1965,1908,1763,3636,2789,3639,35,1633,1467,2,3682,193,4,11,8,16,50,49,74,4,5,91,8,3,0,0,0,1,3,0,1,7,2,88,2,1,2,3,14,15,13,7,38,40,41,39,6,6,6,3,22,15,34,19,26,20,16,4,1,50,49,1,4,57,42,4,6,41,58,6,48,51,5,3,49,50,3,0,42,57,0,45,54,0,2,82,50,49,79,86,5,0,3,0,1,2,2,5,7,0,85,7,82,6,63,1,80,5,2,0,86,2,71,8,86,76,10,10,7,0,27,4,18,24,57,13,12,10,2,2,49,50,28,34,7,2,0,0,3,0,8,6,25,96,6,12,1,13,2,31,4,9,11,70,10,4,3,79,4,2,31,27,0,65229,85847,51407,101101,54643,73143,78888,55000,65685,79198,76665,31518,47025,39180,46851,2,5,15,9,29,46,4,34,3,7,19,31,4,9,7,3,10,75,9,38373,25,11,24,14,13,16,16,7,18,7,3,6,8,32,23,1,12,24,6,68,28,36,35,240277,1045,1601,572,1808,15,1,2,4,56,1,2,28,28,11,0,63,12,1,2,0,1,17,0,6,4,1,3,72,18,7,29,1,42,20,27,20,28,9,31,37,25,5,91,6,11,20,45,22,3,1,3,2,15,17,4,6,1,1,68,72,52,62,2,0,0,0,5,7,20,0,0,6,0,0,4,5,52,2691,6,12,5,6,7,20,5,9,11,0,Alexandria city
26,Mississippi,28076163677,28075,28,0,3396,3356,3185,2729,2684,192,2258,2575,184,659,1524,1415,1390,1359,3272,2482,3283,107,1515,1271,2,3316,187,5,17,15,22,51,48,75,0,1,97,2,1,0,0,0,0,0,0,0,2,0,96,0,0,0,2,22,20,15,7,35,38,40,37,6,6,6,3,23,16,34,18,25,19,16,3,0,47,52,0,0,58,41,0,38,51,48,38,48,51,3,1,53,46,1,0,58,41,0,42,57,0,1,56,50,49,55,59,37,0,0,0,0,1,0,1,39,0,58,14,79,15,50,1,63,3,2,0,75,3,48,5,74,66,19,21,10,0,40,13,25,34,40,21,15,13,5,4,40,44,31,36,10,3,0,0,5,0,9,6,25,92,4,18,1,13,2,42,4,6,5,69,11,6,7,71,6,2,26,24,0,42389,58397,30989,95561,39398,56084,50329,0,47891,58588,48349,21382,32434,25430,40946,4,13,29,13,30,26,9,17,7,12,24,28,9,19,11,6,16,56,20,25191,21,14,28,24,23,26,22,14,32,15,8,11,15,32,13,2,8,30,15,54,22,39,37,124441,795,1129,372,1978,4,1,2,4,45,2,2,29,30,11,0,29,11,0,1,0,0,57,0,6,3,5,14,67,19,8,27,5,46,23,32,14,38,16,30,36,25,7,96,6,11,23,30,33,0,1,1,2,21,22,6,6,1,1,51,54,38,45,2,0,0,0,5,6,29,0,0,3,1,2,12,14,53,746,7,13,5,8,9,29,8,3,15,0,Alfalfa County
27,Missouri,29142055127,29141,29,0,3702,3659,3478,3011,2964,192,2525,2857,233,732,1857,1773,1733,1637,3586,2771,3592,62,1695,1475,2,3634,236,4,15,12,20,51,48,76,1,2,95,4,2,0,0,0,1,1,0,0,4,1,93,1,1,0,2,18,16,15,8,38,39,41,38,5,5,6,3,22,16,34,18,25,20,17,4,0,50,49,0,1,57,42,1,12,46,53,12,49,50,4,3,50,49,2,0,55,44,0,49,50,0,1,79,50,49,77,82,12,0,1,0,0,2,1,2,14,0,83,9,80,10,57,1,73,5,2,0,82,3,62,7,82,72,13,14,8,0,32,8,24,29,45,16,15,13,3,3,45,47,27,33,9,3,0,0,4,0,8,6,24,95,6,12,1,11,2,37,4,9,10,71,11,5,4,74,3,2,32,29,0,52108,68122,57150,94688,50726,70372,68331,69577,52778,62899,59560,26023,38746,31409,41271,3,8,21,12,32,34,6,23,4,10,24,31,6,13,8,4,14,66,14,31113,22,14,25,17,19,23,18,12,25,11,5,7,11,30,17,2,10,31,10,58,24,36,38,164562,863,1268,475,1828,8,1,1,3,55,2,2,30,30,11,0,48,9,0,3,0,0,37,0,7,3,4,6,66,18,6,27,3,41,19,33,17,32,13,29,38,26,5,94,7,10,22,37,28,1,1,2,3,13,14,6,5,1,1,62,67,47,56,2,0,0,0,6,8,21,0,0,4,1,1,9,11,41,1959,7,12,5,6,15,21,6,3,14,0,Alger County
28,Montana,30054731075,30054,30,0,3328,3292,3135,2731,2693,163,2303,2602,264,629,1700,1630,1582,1476,3241,2542,3249,53,1614,1366,2,3281,267,4,14,10,20,49,50,78,1,2,96,3,0,0,0,0,0,0,0,0,3,0,95,0,1,1,1,19,19,12,10,38,42,43,41,5,5,6,3,21,15,33,17,26,20,19,4,6,48,51,6,0,65,34,0,0,33,66,0,50,49,3,3,49,50,3,0,45,54,0,46,53,0,0,87,49,50,85,89,0,5,0,0,0,2,8,1,1,0,91,10,76,6,57,1,77,7,1,0,82,2,63,11,81,68,10,14,9,0,24,6,27,29,42,11,14,13,3,3,51,50,23,31,8,3,0,0,6,0,11,7,22,95,5,17,1,4,8,37,4,8,9,63,12,5,4,75,4,2,45,39,0,46518,62277,46986,76660,50940,58885,66862,0,63593,58630,57418,23635,37232,29532,39624,2,6,20,12,32,34,5,22,5,9,24,32,5,13,11,4,14,67,13,31862,27,15,22,17,15,17,20,11,22,9,4,8,10,33,21,2,10,28,6,65,28,37,33,246489,833,1419,454,1909,5,1,2,3,53,3,3,30,33,12,0,47,16,1,8,0,1,24,0,7,3,3,10,69,21,8,25,3,40,18,30,18,28,16,47,32,14,4,90,4,20,34,25,19,0,2,6,2,17,20,6,7,1,1,56,60,38,47,2,0,0,0,8,11,27,1,0,5,2,2,8,10,456,1085,6,24,7,11,15,44,10,5,26,0,Allamakee County
29,Nebraska,31088421262,31088,31,0,3478,3435,3242,2760,2713,190,2277,2609,202,782,1871,1807,1766,1678,3370,2528,3380,41,1526,1386,2,3425,205,3,12,9,18,49,50,72,2,3,92,7,4,0,0,1,1,1,0,1,6,2,88,2,1,0,7,20,19,13,8,35,38,39,37,6,6,6,4,24,16,34,18,24,18,16,4,0,47,52,0,2,57,42,2,5,39,60,4,48,51,10,3,49,50,2,0,60,39,0,44,55,0,2,85,50,49,78,88,4,0,1,0,1,2,1,3,6,0,89,8,81,7,62,1,77,5,2,0,85,2,68,8,84,74,11,11,7,0,26,4,21,24,54,13,12,10,3,3,50,51,26,32,8,2,0,0,4,0,7,7,24,96,7,14,1,10,5,31,4,8,9,68,10,5,3,81,2,2,55,49,0,64501,67836,46398,99525,55049,59861,68728,0,59810,67553,65984,27445,42767,34506,45584,3,5,17,11,33,37,5,26,3,8,22,33,4,10,7,4,13,71,11,32926,21,10,20,15,15,22,16,9,21,8,3,7,8,33,20,1,10,26,8,64,26,36,36,164253,872,1379,573,1799,11,1,1,3,61,2,3,29,28,11,0,57,9,0,1,0,0,30,0,8,3,3,3,66,17,6,30,2,38,17,33,17,30,9,42,37,16,3,94,5,22,28,35,14,0,1,3,2,10,11,5,5,2,2,67,72,49,59,1,0,0,0,8,9,18,0,0,4,1,1,8,9,138,2223,6,13,4,5,8,24,5,4,13,0,Allegan County
30,Nevada,32019085365,32018,32,0,3889,3848,3653,3154,3105,183,2687,2995,260,762,1957,1829,1796,1696,3824,2957,3835,67,1628,1450,2,3842,264,4,13,10,18,49,50,69,9,10,79,20,9,1,2,2,2,5,1,3,18,5,70,5,2,1,20,22,20,15,9,36,40,40,39,5,5,6,3,21,15,35,19,25,19,17,3,1,47,52,1,7,57,42,7,8,47,52,8,49,50,27,7,48,51,3,0,48,51,0,48,51,0,10,63,48,51,50,68,9,1,7,0,8,5,2,9,10,1,69,6,85,8,61,0,79,4,3,0,85,2,70,8,85,75,10,11,7,0,35,8,18,32,49,19,17,14,5,5,41,42,29,36,8,2,0,0,4,0,22,7,15,93,5,12,1,4,1,37,4,11,3,78,11,6,6,73,5,2,38,34,0,67690,84142,58158,81629,55303,68135,76965,83135,59813,69257,66296,27957,40747,33395,48116,3,7,20,12,32,34,5,27,3,8,22,31,6,12,9,4,14,67,13,33311,19,10,20,14,13,17,15,11,22,11,4,7,12,33,16,3,8,28,13,58,26,43,29,293372,1267,1568,462,1976,13,2,4,5,25,4,1,28,30,10,0,56,3,0,1,0,0,36,0,11,0,1,5,57,24,10,27,1,47,22,42,16,34,10,24,41,27,5,91,7,4,12,32,50,3,2,2,3,15,17,7,5,1,1,57,62,44,53,2,0,0,0,5,6,25,0,0,2,1,1,11,13,141,5485,8,4,3,5,12,10,5,4,11,0,Allegany County
31,New Hampshire,33011606824,33011,33,0,3872,3839,3690,3273,3228,199,2774,3129,264,656,2167,2086,2019,1875,3745,3024,3750,49,1824,1540,2,3823,266,4,13,10,15,50,49,79,3,4,93,6,2,0,0,0,1,1,0,0,5,1,92,1,3,0,2,18,14,16,8,37,43,44,42,4,5,5,3,18,15,32,17,29,23,18,4,0,48,51,0,2,57,42,2,1,40,59,1,46,53,3,2,48,51,2,0,58,41,0,46,53,0,0,92,50,49,89,94,1,0,1,0,0,1,0,3,2,0,94,6,81,4,65,1,84,6,2,0,88,2,79,12,88,74,6,8,3,0,26,6,15,23,60,12,14,12,2,2,49,51,25,32,8,2,0,0,4,0,9,7,24,96,6,13,1,12,0,33,4,11,11,67,12,3,3,83,3,2,20,17,0,66477,108084,0,111765,76752,82874,92155,0,70657,81510,81017,30691,47635,38345,50518,2,4,12,8,28,51,3,37,3,6,17,31,3,7,4,2,9,79,7,41217,10,8,19,14,10,13,15,7,16,6,2,5,7,28,22,1,14,27,6,65,32,33,34,274380,1213,1933,832,1839,9,0,1,2,53,3,2,26,32,11,0,19,17,43,7,0,1,9,0,6,2,1,5,72,25,9,26,1,45,20,27,20,26,14,28,33,27,9,94,4,7,16,26,49,0,1,3,1,11,13,5,5,1,1,69,73,53,64,4,0,0,0,5,7,18,0,0,4,0,1,6,7,25,1431,5,13,5,5,11,23,5,5,8,0,Alleghany County
32,New Jersey,34019457414,34019,34,0,4074,4031,3836,3335,3283,202,2828,3173,142,803,2154,2029,1977,1841,3991,3106,3995,59,1663,1500,2,4025,143,3,10,8,16,51,48,69,12,13,76,23,9,0,1,2,4,4,1,4,19,5,68,7,8,1,16,13,15,14,4,36,40,42,39,5,5,6,3,21,15,34,19,27,20,16,4,0,47,52,0,9,53,46,9,14,50,49,13,50,49,20,4,50,49,2,0,53,46,0,50,49,0,6,64,50,49,54,68,14,0,8,0,5,3,0,10,16,0,68,7,84,6,64,0,81,4,2,0,87,2,76,7,87,78,8,10,3,0,27,7,9,24,66,18,12,8,4,4,44,48,31,37,8,2,0,0,4,0,8,5,24,93,8,13,2,7,0,34,4,13,7,74,10,6,6,79,5,3,16,14,0,38062,91281,61235,140233,75762,89796,106011,0,70450,99473,91804,33884,54863,43378,57640,3,5,15,8,24,52,5,42,3,6,15,26,4,9,7,3,9,76,10,43673,16,8,15,13,11,15,16,9,16,9,4,6,10,22,24,1,15,27,10,62,30,29,40,366731,1505,2508,1076,1825,15,2,3,5,67,1,2,25,31,11,0,74,2,8,0,0,0,13,0,5,2,2,0,62,33,14,31,1,50,25,37,20,33,8,21,31,31,15,82,12,3,8,25,61,11,2,3,7,14,15,5,4,1,1,66,71,52,62,4,0,0,0,5,6,21,0,0,3,0,0,7,8,3,8618,6,3,3,2,7,11,3,3,5,0,Allegheny County
33,New Mexico,35024175907,35023,35,0,3426,3391,3225,2773,2732,186,2312,2618,227,658,1555,1452,1437,1355,3341,2565,3356,92,1541,1295,2,3366,231,4,16,13,22,50,49,73,3,4,90,9,5,1,1,1,1,0,1,2,25,4,65,5,1,6,25,20,18,15,8,38,39,41,38,5,6,6,3,22,16,34,18,24,19,18,4,11,50,49,10,1,58,41,1,2,40,59,1,49,50,47,7,50,49,1,0,43,56,0,49,50,0,8,69,50,49,37,72,1,10,1,0,8,6,12,2,2,0,76,13,76,11,52,0,69,5,3,0,75,3,56,8,75,63,12,20,8,0,39,12,25,31,42,20,16,13,4,4,40,42,31,38,8,3,0,0,8,0,11,7,25,92,4,23,1,3,4,43,5,10,7,61,10,4,7,69,5,1,51,45,0,49112,62799,48788,86394,61449,52051,72210,0,52602,62672,53119,23254,34341,27181,45087,3,11,28,12,30,29,9,20,5,11,23,28,8,19,11,5,15,59,19,27980,23,12,21,21,20,14,20,14,33,17,9,10,18,32,15,2,11,26,14,58,30,37,31,186609,917,1277,373,1981,6,3,3,5,44,3,2,30,33,12,0,59,8,0,9,0,1,20,0,7,2,4,18,68,20,8,26,5,46,22,31,16,34,15,34,36,22,6,94,6,18,17,35,28,1,1,2,2,28,32,6,7,1,1,44,47,32,39,3,0,0,0,4,5,38,0,0,2,1,2,9,11,198,1944,5,16,6,9,19,29,8,4,21,0,Allen County
34,New York,36062148126,36062,36,0,3606,3566,3395,2982,2940,178,2522,2849,123,653,1849,1744,1687,1586,3509,2771,3513,59,1545,1370,2,3562,124,4,11,9,16,51,48,71,12,14,76,23,9,1,1,2,3,5,1,4,16,6,70,7,8,1,13,14,16,15,4,33,40,41,38,5,5,5,3,20,16,36,19,26,20,16,4,0,49,50,0,8,54,45,8,16,49,50,14,49,50,17,4,51,48,2,0,55,44,0,49,50,0,7,62,50,49,55,65,15,0,7,0,6,3,1,9,18,0,66,9,81,7,61,1,78,5,2,0,85,2,72,10,84,73,10,12,4,0,30,7,12,25,61,19,12,9,5,5,40,44,34,40,8,2,0,0,4,0,9,5,28,94,7,16,2,6,0,37,4,11,11,66,10,5,5,73,5,2,50,49,0,56118,77411,56083,107345,69250,79159,98093,0,65745,87187,78063,31793,46509,38437,51143,3,7,20,9,26,44,6,35,4,8,18,27,6,13,10,4,11,70,14,39610,22,14,22,18,15,25,20,13,23,14,6,6,15,24,20,1,15,26,13,60,28,32,39,463350,1401,2341,864,1464,23,3,5,6,77,1,3,28,31,11,1,60,4,19,1,0,1,11,0,5,2,2,2,55,30,14,28,1,50,27,44,19,30,10,20,28,32,18,63,26,3,12,35,47,27,2,6,20,22,23,4,5,1,1,60,64,45,54,4,0,0,0,6,7,27,0,0,2,0,0,5,6,8,23896,6,5,2,3,8,10,3,2,4,0,Allen Parish
35,North Carolina,37104019713,37103,37,0,3887,3845,3660,3175,3125,208,2655,2988,240,756,1913,1809,1782,1668,3756,2909,3779,67,1754,1508,2,3809,244,4,13,11,19,51,48,74,3,3,91,8,4,0,0,1,1,1,0,1,7,2,88,2,1,0,7,22,20,15,8,35,40,41,39,5,5,6,3,21,16,34,18,26,19,17,3,1,51,48,1,2,57,42,2,21,51,48,21,48,51,9,3,50,49,2,0,50,49,0,46,53,0,3,68,51,48,63,70,21,1,2,0,2,2,2,3,22,0,71,9,81,9,58,0,75,4,2,0,82,2,68,9,82,71,10,14,6,0,33,8,23,29,47,17,14,11,4,4,44,48,28,34,9,2,0,0,4,1,9,7,22,94,6,14,1,12,1,38,5,10,7,72,11,4,5,73,3,2,32,29,0,49600,61483,44638,106101,51181,58931,70644,55500,49592,66922,60780,26136,39361,31244,44772,2,9,22,11,30,34,6,24,5,9,23,30,6,14,9,4,14,65,14,32042,21,12,21,21,19,20,20,11,28,12,6,8,13,31,19,2,11,25,11,62,29,38,32,201593,951,1354,440,1970,8,1,2,3,38,3,2,28,30,11,0,23,7,2,1,0,0,63,0,7,3,2,12,65,20,8,27,2,45,21,34,15,34,13,27,38,27,6,95,5,11,26,34,27,1,1,1,2,15,17,6,6,1,1,58,61,42,50,3,0,0,0,7,8,24,0,0,3,2,2,10,12,18,1359,6,6,5,6,20,17,6,4,11,0,Allendale County
36,North Dakota,38050757716,38050,38,0,3335,3287,3100,2670,2630,171,2182,2522,198,720,1817,1761,1728,1667,3203,2435,3227,33,1651,1407,2,3259,203,3,11,8,15,48,51,74,1,2,95,4,2,0,0,0,1,0,0,0,3,1,94,1,1,1,1,20,24,11,8,35,38,39,37,6,6,6,3,23,17,36,18,23,18,16,4,5,53,46,5,1,59,40,1,2,39,60,2,47,52,3,2,52,47,2,0,57,42,0,45,54,0,1,86,48,51,84,88,2,4,1,0,0,2,7,1,3,0,89,9,80,7,61,1,77,5,1,0,81,4,69,9,81,70,8,13,5,0,25,4,29,26,43,11,10,9,2,3,52,50,25,34,9,2,0,0,5,1,7,7,25,96,5,16,1,6,11,31,4,5,10,63,10,5,3,82,2,3,50,42,0,68373,81769,52476,85988,51710,74805,77394,0,49953,69210,66608,28187,45397,36363,47463,2,5,16,9,31,41,5,28,3,8,20,32,5,10,7,3,11,73,11,35548,26,13,24,19,15,23,20,8,18,6,3,8,7,36,20,1,8,27,7,65,24,38,36,186675,796,1384,483,1933,15,1,1,3,56,4,3,31,27,11,0,34,19,3,0,0,1,40,0,7,3,2,7,65,14,4,28,2,35,17,34,18,25,15,51,30,13,4,93,4,33,21,27,17,0,1,4,1,9,9,3,6,2,2,71,75,50,59,2,0,0,0,9,12,15,0,0,5,2,2,7,8,302,1400,5,21,6,10,8,42,8,6,20,0,Alpena County
37,Northern Mariana Islands,69110526388,69110,69,1,0,0,0,0,0,0,0,0,0,0,0,0,0,0,0,0,0,0,0,0,0,0,0,0,0,0,0,0,0,0,0,0,0,0,0,0,0,0,0,0,0,0,0,0,0,0,0,0,0,0,0,0,0,0,0,0,0,0,0,0,0,0,0,0,0,0,0,0,0,0,0,0,0,0,0,0,0,0,0,0,0,0,0,0,0,0,0,0,0,0,0,0,0,0,0,0,0,0,0,0,0,0,0,0,0,0,0,0,0,0,0,0,0,0,0,0,0,0,0,0,0,0,0,0,0,0,0,0,0,0,0,0,0,0,0,0,0,0,0,0,0,0,0,0,0,0,0,0,0,0,0,0,0,0,0,0,0,0,0,0,0,0,0,0,0,0,0,0,0,0,0,0,0,0,0,0,0,0,0,0,0,0,0,0,0,0,0,0,0,0,0,0,0,0,0,0,0,0,0,0,0,0,0,0,0,0,0,0,0,0,0,0,0,0,0,0,0,0,0,0,0,0,0,0,0,0,0,0,0,0,0,0,0,0,0,0,0,0,0,0,0,0,0,0,0,0,0,0,0,0,0,0,0,0,0,0,0,0,0,0,0,0,0,0,0,0,0,0,0,0,0,0,0,0,0,0,0,0,0,0,0,0,0,0,0,0,0,0,0,0,0,0,0,0,0,0,0,0,0,0,0,0,0,0,0,0,0,0,0,7,0,0,0,0,0,0,0,0,0,0,0,Alpine County
38,Ohio,39079704439,39079,39,0,3685,3642,3466,3009,2962,193,2529,2863,214,727,1867,1768,1719,1629,3579,2776,3582,58,1646,1489,2,3630,216,5,14,12,19,51,48,76,2,2,95,4,2,0,0,0,1,1,0,0,4,1,92,1,2,0,2,17,15,17,7,36,40,41,38,5,5,6,3,21,16,34,18,26,20,17,4,0,47,52,0,2,57,42,2,15,46,53,15,49,50,4,3,50,49,3,0,58,41,0,45,54,0,1,77,50,49,75,79,14,0,1,0,0,2,0,2,17,0,80,9,80,9,59,1,74,5,2,0,83,2,68,9,83,72,10,13,6,0,37,7,24,28,47,18,15,12,3,3,42,45,30,36,9,3,0,0,3,0,9,5,24,93,6,12,1,15,0,37,4,9,9,73,11,5,6,75,4,2,28,25,0,52349,65272,44767,105318,48015,67771,65049,0,45196,64005,60590,25908,39588,31956,42504,3,9,22,11,31,34,7,23,4,10,23,30,7,15,10,4,13,66,15,31398,26,14,25,19,21,22,21,13,27,14,7,7,14,29,16,2,10,33,10,56,21,34,43,150529,864,1273,506,1712,9,0,1,2,68,1,2,31,29,12,0,66,5,2,1,0,0,23,0,9,3,4,3,64,18,7,26,2,42,20,35,17,31,10,29,40,24,5,93,8,10,25,38,25,2,1,2,3,19,22,6,5,1,1,60,64,47,56,3,0,0,0,4,5,27,0,0,3,0,0,6,7,12,2650,7,5,4,4,9,14,4,4,6,0,Amador County
39,Oklahoma,40093662068,40093,40,0,3277,3237,3062,2615,2570,174,2167,2467,218,691,1555,1476,1449,1389,3170,2391,3181,65,1444,1239,2,3209,221,4,16,14,26,50,49,72,2,3,93,6,3,0,0,1,1,1,0,1,6,1,89,2,0,0,7,21,22,13,8,36,38,39,36,6,6,6,3,23,16,35,19,24,18,15,3,7,51,48,7,2,58,41,2,7,45,54,7,48,51,10,8,50,49,7,0,52,47,0,45,54,0,2,70,50,49,64,75,7,6,1,0,2,6,13,2,9,0,78,9,83,13,55,0,70,4,2,0,81,2,57,6,81,72,16,15,9,0,32,8,29,29,40,17,16,13,4,4,45,47,25,32,9,3,0,0,6,0,9,7,22,94,5,16,1,9,4,39,5,8,6,69,11,5,5,72,4,2,47,42,0,51190,62445,58056,79417,50106,56550,60284,30275,51798,60092,57643,24501,38384,29791,43811,2,9,24,13,31,30,7,22,4,10,24,30,7,15,11,5,15,62,16,29729,17,15,24,19,19,22,19,14,28,13,6,8,13,31,16,1,8,31,11,57,25,39,35,142720,852,1231,436,1926,7,2,2,4,53,2,3,29,29,11,0,51,6,0,1,0,0,39,0,9,3,4,8,65,16,6,29,3,41,19,34,14,37,14,34,38,22,4,95,5,21,25,33,19,0,1,2,2,15,16,5,6,1,1,55,57,40,48,2,0,0,0,6,7,23,0,0,3,1,2,14,17,56,1694,7,8,4,7,11,23,7,4,12,0,Amelia County
40,Oregon,41039683129,41039,41,0,4172,4131,3944,3454,3405,197,2941,3302,271,768,2128,2012,1959,1788,4089,3242,4092,54,1787,1640,2,4131,273,4,14,11,20,50,49,75,4,5,89,10,4,0,1,1,1,2,0,1,9,2,85,2,2,0,8,18,17,13,8,38,41,42,40,5,5,5,3,19,15,35,20,25,19,18,4,1,47,52,0,4,59,40,4,1,39,60,1,48,51,12,6,50,49,4,0,47,52,0,46,53,0,3,83,50,49,76,86,1,1,3,0,2,4,3,5,2,0,88,6,84,6,63,0,82,5,2,0,88,2,72,8,87,78,10,9,7,0,27,6,17,25,57,14,15,12,4,3,46,48,27,34,7,2,0,0,4,0,9,6,23,94,5,14,1,10,3,38,4,10,9,68,11,4,5,74,5,2,41,37,0,59872,76451,57372,103125,61929,68699,83197,77136,67812,71287,69914,27938,42332,34116,44897,2,6,19,10,30,39,5,30,3,8,20,31,5,13,10,4,12,70,12,35822,19,13,25,16,15,17,17,11,32,15,5,6,16,34,21,2,13,22,8,68,31,42,26,348477,1195,1774,587,1904,12,1,3,5,52,3,2,27,32,11,0,36,2,1,6,0,0,51,0,9,3,2,7,63,24,9,26,1,48,23,36,17,30,8,32,36,24,6,88,7,6,18,44,30,4,3,4,3,18,20,6,6,1,1,60,64,44,54,2,0,0,0,6,8,25,0,0,4,0,0,6,7,95,3571,10,7,4,4,12,30,5,2,34,0,Amherst County
41,Pennsylvania,42062498644,42062,42,0,3712,3674,3509,3079,3034,189,2608,2941,210,682,1903,1801,1746,1640,3592,2837,3594,56,1657,1481,2,3653,212,5,14,11,18,51,48,77,3,4,92,7,3,0,0,0,1,1,0,1,6,2,89,2,3,0,4,15,15,14,7,36,41,43,40,5,5,5,3,20,16,34,18,27,20,18,4,0,45,54,0,3,56,43,3,11,46,53,11,48,51,7,3,50,49,2,0,54,45,0,46,53,0,2,79,51,48,75,82,10,0,2,0,1,2,0,3,13,0,82,10,78,7,59,1,76,6,2,0,84,2,71,9,83,72,9,13,4,0,32,7,17,26,55,16,13,10,3,3,44,47,31,37,9,3,0,0,4,0,8,5,26,94,6,10,1,11,1,37,4,10,12,71,11,5,5,77,4,2,22,20,0,57779,71941,62604,114573,56581,71375,78462,0,56746,70802,67646,27071,42704,34081,42939,2,7,18,10,30,40,6,28,4,9,21,30,5,12,8,3,12,70,12,35073,23,13,23,19,16,21,22,11,27,14,6,6,14,24,18,1,12,34,9,56,23,29,46,199784,1011,1513,582,1630,8,0,1,2,70,2,3,30,32,12,0,51,4,15,2,1,0,22,0,7,2,3,3,67,20,8,27,2,44,22,32,21,28,10,26,34,29,9,87,11,6,17,37,38,6,1,4,5,16,18,5,6,1,1,64,68,48,59,3,0,0,0,5,6,22,0,0,5,0,0,5,6,12,4904,7,9,3,3,9,21,4,4,8,0,Amite County
42,Puerto Rico,72079124313,72078,72,1,0,0,0,0,0,0,0,0,0,0,0,0,0,0,0,0,0,0,0,0,0,0,0,0,0,0,0,0,0,0,0,0,0,0,0,0,0,0,0,0,0,0,0,0,0,0,0,0,0,0,0,0,0,0,0,0,0,0,0,0,0,0,0,0,0,0,0,0,0,0,0,0,0,0,0,0,0,0,0,0,0,0,0,0,0,0,0,0,0,0,0,0,0,0,0,0,0,0,0,0,0,0,0,0,0,0,0,0,0,0,0,0,0,0,0,0,0,0,0,0,0,0,0,0,0,0,0,0,0,0,0,0,0,0,0,0,0,0,0,0,0,0,0,0,0,0,0,0,0,0,0,0,0,0,0,0,0,0,0,0,0,0,0,0,0,0,0,0,0,0,0,0,0,0,0,0,0,0,0,0,0,0,0,0,0,0,0,0,0,0,0,0,0,0,0,0,0,0,0,0,0,0,0,0,0,0,0,0,0,0,0,0,0,0,0,0,0,0,0,0,0,0,0,0,0,0,0,0,0,0,0,0,0,0,0,0,0,0,0,0,0,0,0,0,0,0,0,0,0,0,0,0,0,0,0,0,0,0,0,0,0,0,0,0,0,0,0,0,0,0,0,0,0,0,0,0,0,0,0,0,0,0,0,0,0,0,0,0,0,0,0,0,0,0,0,0,0,0,0,0,0,0,0,0,0,0,0,0,0,3,0,0,8,3,4,14,14,3,3,11,0,Anchorage Municipality
43,Rhode Island,44006203982,44006,44,0,4231,4191,4012,3556,3512,244,2965,3392,205,735,2265,2140,2051,1980,4057,3249,4068,55,1877,1658,2,4166,208,5,13,11,19,51,48,75,7,8,84,15,6,0,0,1,2,2,1,2,14,4,77,5,6,1,12,15,17,12,6,37,41,42,39,5,5,5,3,19,17,36,18,27,20,17,4,0,45,54,0,3,54,45,3,6,44,55,5,48,51,16,5,51,48,2,0,36,63,0,45,54,0,5,78,51,48,70,81,6,0,2,0,5,3,1,4,9,0,82,9,81,6,62,1,77,5,2,0,86,2,74,8,86,77,10,11,3,0,33,6,11,25,62,18,14,11,3,3,39,44,34,39,9,2,0,0,4,0,10,5,27,94,6,12,1,10,0,34,4,10,11,70,11,4,5,76,3,2,21,19,0,135439,113737,39408,108803,61643,60619,72973,0,49741,75733,72989,28689,44151,35655,48024,2,6,17,9,28,45,5,33,4,8,18,29,5,11,8,3,10,73,11,37927,31,13,20,17,15,17,21,10,28,15,6,5,16,25,20,2,14,27,11,61,31,31,37,292539,1122,1942,768,1525,11,1,2,2,73,3,3,30,30,12,0,55,3,28,1,0,0,10,0,6,1,2,0,60,29,11,27,1,45,22,39,21,27,11,27,38,26,7,92,9,5,17,27,48,2,1,3,3,18,19,5,6,1,2,63,69,48,58,2,0,0,0,6,7,25,0,0,3,0,1,4,5,4,5271,7,2,3,2,8,10,3,1,5,0,Anderson County
44,South Carolina,45049439938,45049,45,0,3848,3801,3628,3153,3107,202,2655,2983,268,711,1850,1748,1715,1643,3725,2901,3741,88,1752,1482,2,3772,272,4,15,12,21,51,48,76,1,2,94,5,2,0,0,0,1,0,0,0,4,1,93,1,1,0,4,22,19,16,8,38,40,42,39,5,5,6,3,21,16,34,17,26,20,18,3,0,44,55,0,1,56,43,1,28,52,47,27,47,52,5,2,50,49,2,0,48,51,0,45,54,0,1,65,50,49,62,68,27,0,1,0,1,1,0,1,29,0,67,10,81,11,56,1,71,4,3,0,79,3,62,7,79,70,13,16,7,0,36,11,23,30,46,18,14,12,5,4,42,46,30,35,10,3,0,0,4,0,9,7,21,94,5,15,1,13,1,40,4,10,6,72,11,5,5,73,4,2,17,16,0,51960,64188,39802,90731,43907,59247,74900,23750,46073,63880,56465,24149,36873,28765,43766,3,10,23,12,31,32,8,22,5,10,23,30,7,15,9,5,14,63,16,30270,21,13,22,21,21,14,23,12,27,12,6,9,12,30,17,2,10,29,12,57,27,38,34,183937,943,1272,404,1971,6,1,2,3,39,3,2,29,32,12,0,21,4,0,0,0,0,71,0,6,3,3,17,69,20,8,25,3,47,23,30,15,34,14,25,38,29,6,95,6,24,21,28,24,0,1,1,2,16,18,6,7,1,1,56,60,40,49,3,0,0,0,6,7,25,0,0,3,1,2,10,12,22,1096,6,8,6,7,12,15,7,3,12,0,Andrew County
45,South Dakota,46075037849,46074,46,0,3633,3588,3385,2883,2838,195,2397,2731,229,788,1916,1849,1790,1700,3503,2632,3512,61,1639,1437,2,3561,231,3,11,9,16,49,50,73,1,1,95,4,2,0,0,0,1,0,0,0,4,1,93,1,1,2,2,18,19,14,8,36,38,40,38,6,6,6,3,24,15,33,17,24,19,17,4,9,47,52,9,1,62,37,1,2,33,66,2,45,54,3,3,49,50,2,0,43,56,0,46,53,0,0,83,49,50,80,87,1,7,0,0,0,1,11,1,2,0,86,10,77,7,57,1,75,6,2,0,81,3,67,12,81,66,9,15,6,0,29,6,29,27,43,14,12,11,2,2,49,50,26,33,9,2,0,0,5,0,8,6,23,96,6,17,1,9,8,32,4,6,9,63,11,4,3,81,3,2,51,46,0,51155,61669,45433,96121,54713,59400,73444,0,55042,63248,60286,25796,39239,32186,42386,3,7,19,11,34,34,5,23,4,8,23,33,6,13,7,4,13,68,13,30878,37,12,17,21,19,21,17,9,24,9,5,7,10,32,19,2,8,31,8,60,25,34,40,165844,737,1299,493,1925,9,1,2,3,56,3,3,30,29,11,0,40,20,2,1,0,1,32,0,6,4,3,9,67,16,6,29,3,35,15,32,19,29,13,50,32,14,3,93,5,37,20,18,23,0,1,4,1,11,13,5,6,1,2,63,68,44,53,1,0,0,0,9,11,20,0,0,5,1,2,10,11,313,1075,5,35,6,9,9,36,7,6,22,0,Andrews County
46,Tennessee,47103016902,47102,47,0,3981,3938,3742,3246,3196,200,2733,3083,248,759,1954,1850,1810,1710,3871,3001,3882,85,1761,1551,2,3917,251,5,16,13,22,51,48,75,1,2,94,5,2,0,0,0,1,1,0,1,4,1,93,1,1,0,4,20,18,15,8,37,40,41,38,5,5,6,3,21,16,35,18,26,19,16,3,0,45,54,0,1,58,41,1,17,47,52,17,48,51,5,2,50,49,2,0,48,51,0,45,54,0,1,75,50,49,72,77,17,0,1,0,0,2,0,2,18,0,78,11,79,11,56,1,70,4,2,0,80,2,62,8,80,70,13,16,7,0,33,10,25,30,44,17,15,13,4,4,44,47,28,33,9,3,0,0,4,0,9,6,22,94,5,13,1,13,1,39,4,9,7,72,11,6,5,71,4,2,37,35,0,52773,63795,56296,117687,50392,61368,64944,0,49724,61906,57817,24397,37121,29364,43129,2,9,23,12,32,31,7,22,5,10,24,30,6,15,10,4,14,64,15,30222,17,13,22,22,20,24,22,13,28,13,7,8,14,28,16,2,9,32,12,54,25,35,38,188472,932,1276,419,1966,8,1,1,3,45,2,2,29,30,11,0,31,4,0,1,0,0,61,0,7,3,3,9,66,18,7,26,2,44,21,33,15,35,12,25,38,28,6,96,6,16,26,31,26,0,1,1,2,17,19,6,6,1,1,57,61,42,51,2,0,0,0,6,7,25,0,0,3,1,1,10,11,24,1395,6,6,4,6,19,21,6,4,13,0,Androscoggin County
47,Texas,48228858511,48228,48,0,4152,4100,3862,3261,3201,235,2675,3068,204,928,2061,1952,1917,1794,4053,2995,4062,97,1611,1436,2,4084,208,4,12,9,19,50,49,65,6,7,82,17,10,1,2,3,3,2,2,4,21,6,65,7,2,0,28,22,24,13,6,33,36,37,35,6,6,7,4,24,17,37,20,23,17,13,3,0,48,51,0,4,55,44,4,12,48,51,11,49,50,38,6,49,50,1,0,51,48,0,48,51,0,6,69,50,49,42,71,12,0,4,0,5,5,1,5,13,0,76,8,86,11,59,0,74,3,2,0,83,2,64,6,83,75,14,13,9,0,31,9,18,31,50,19,14,11,5,5,44,47,30,35,7,2,0,0,4,0,9,9,21,94,6,13,1,8,3,35,5,11,5,73,11,5,5,77,4,2,46,41,0,62846,75036,75747,109782,63103,64540,81096,73435,58246,79163,68801,27244,43807,34120,51419,3,8,22,11,29,35,6,28,4,8,21,29,6,13,8,5,14,65,15,32432,15,13,19,17,15,14,17,11,24,12,5,8,13,28,19,1,10,25,16,58,30,38,30,206304,1131,1629,604,1954,14,3,5,7,39,1,2,25,26,8,0,34,3,0,0,0,0,60,0,8,3,3,7,62,20,8,33,2,46,21,37,12,40,11,26,36,29,8,94,5,8,16,36,38,1,1,1,2,14,15,5,4,1,1,56,59,43,49,2,0,0,0,6,7,21,0,0,2,1,1,17,19,37,3527,7,9,3,5,6,20,5,5,10,0,Angelina County
48,US Virgin Islands,78020030003,78019,78,1,0,0,0,0,0,0,0,0,0,0,0,0,0,0,0,0,0,0,0,0,0,0,0,0,0,0,0,0,0,0,0,0,0,0,0,0,0,0,0,0,0,0,0,0,0,0,0,0,0,0,0,0,0,0,0,0,0,0,0,0,0,0,0,0,0,0,0,0,0,0,0,0,0,0,0,0,0,0,0,0,0,0,0,0,0,0,0,0,0,0,0,0,0,0,0,0,0,0,0,0,0,0,0,0,0,0,0,0,0,0,0,0,0,0,0,0,0,0,0,0,0,0,0,0,0,0,0,0,0,0,0,0,0,0,0,0,0,0,0,0,0,0,0,0,0,0,0,0,0,0,0,0,0,0,0,0,0,0,0,0,0,0,0,0,0,0,0,0,0,0,0,0,0,0,0,0,0,0,0,0,0,0,0,0,0,0,0,0,0,0,0,0,0,0,0,0,0,0,0,0,0,0,0,0,0,0,0,0,0,0,0,0,0,0,0,0,0,0,0,0,0,0,0,0,0,0,0,0,0,0,0,0,0,0,0,0,0,0,0,0,0,0,0,0,0,0,0,0,0,0,0,0,0,0,0,0,0,0,0,0,0,0,0,0,0,0,0,0,0,0,0,0,0,0,0,0,0,0,0,0,0,0,0,0,0,0,0,0,0,0,0,0,0,0,0,0,0,0,0,0,0,0,0,0,0,0,0,0,0,4,0,0,0,0,0,0,0,0,0,0,0,Anne Arundel County
49,Utah,49036853242,49036,49,0,4401,4335,4053,3320,3247,274,2609,3098,165,1173,2228,2147,2100,1925,4326,3047,4332,74,1550,1401,3,4363,167,3,10,8,16,49,50,67,3,4,90,9,4,0,1,1,1,2,0,1,10,2,84,2,2,0,10,20,25,11,5,34,32,33,31,7,7,8,4,28,19,40,20,19,14,11,2,1,49,50,0,2,57,42,2,1,37,62,1,49,50,13,4,48,51,2,0,42,57,0,47,52,0,4,85,49,50,77,88,0,0,2,0,3,2,1,3,1,1,89,3,90,4,71,0,87,3,2,0,89,4,74,6,89,80,8,6,9,0,18,5,10,23,65,13,11,8,3,3,53,54,27,32,5,1,0,0,4,0,8,7,22,96,6,14,1,9,1,31,4,12,7,73,11,5,3,80,4,2,36,30,0,83679,97925,57690,97533,55678,71330,84900,99722,66339,80364,78488,23818,45875,34003,53610,2,4,15,10,35,37,3,34,2,5,18,34,4,9,7,3,12,73,9,31352,18,11,18,13,11,15,14,8,16,6,2,6,6,35,23,1,11,22,7,70,37,39,22,321113,1221,1626,454,1940,10,2,3,6,39,3,2,18,23,7,0,80,2,0,1,0,0,14,0,9,3,1,2,70,19,6,40,0,41,17,29,10,43,8,33,39,22,4,93,3,5,15,37,40,2,1,2,1,8,8,3,4,1,1,72,76,56,63,2,0,0,0,9,10,13,0,0,2,1,1,9,10,115,3593,6,4,3,5,7,28,4,5,12,0,Anoka County
50,Vermont,50015543187,50014,50,0,3234,3207,3084,2746,2710,182,2290,2631,178,538,1769,1702,1632,1518,3104,2516,3108,36,1747,1361,2,3203,180,5,14,11,20,50,49,79,2,3,94,5,1,0,0,0,0,0,0,0,4,0,94,0,3,0,1,14,14,17,7,40,44,45,42,4,5,5,3,18,15,32,17,28,22,20,4,0,49,50,0,1,61,38,1,1,40,59,1,51,48,1,2,49,50,2,0,65,34,0,49,50,0,0,94,50,49,92,95,0,0,0,0,0,1,1,2,1,0,96,8,75,4,59,1,81,9,1,0,83,5,70,18,82,62,7,11,5,0,30,6,22,19,58,12,14,12,2,2,47,49,27,33,8,2,0,0,4,0,9,7,28,96,4,14,1,10,2,34,4,8,15,60,11,3,3,74,2,1,15,14,0,60570,59930,47747,68387,53287,69290,63581,0,0,66216,65426,29398,39090,34212,43425,2,6,16,10,31,41,4,28,4,8,21,32,5,11,7,3,12,73,10,36057,24,14,18,15,15,15,11,10,23,10,4,6,11,25,23,2,16,28,6,64,29,31,39,241189,1005,1638,719,1779,5,1,1,3,59,3,3,30,33,13,0,14,18,43,16,0,1,5,0,6,2,2,6,72,26,10,24,2,45,21,27,19,26,20,32,35,25,6,91,6,13,20,41,24,1,1,5,2,20,24,6,6,1,1,61,64,44,54,3,0,0,0,6,7,28,0,0,4,0,0,4,5,47,868,5,15,6,8,21,22,7,4,12,0,Anson County
51,Virginia,51290179648,51289,51,0,3871,3827,3640,3165,3116,202,2653,2963,301,745,1993,1901,1889,1766,3715,2879,3755,64,1609,1448,2,3768,306,4,12,9,14,50,49,74,6,7,87,12,5,0,0,1,2,3,0,1,9,2,84,2,3,1,6,30,30,13,10,30,40,41,38,5,5,5,3,21,16,36,19,26,19,16,3,0,48,51,0,6,55,44,5,20,49,50,19,48,51,8,4,50,49,3,0,52,47,0,48,51,0,2,66,50,49,61,69,19,0,5,0,1,2,1,7,22,0,70,8,83,7,63,0,79,4,2,0,85,2,69,7,85,76,11,11,6,0,28,8,19,28,52,16,14,10,5,4,44,48,29,35,8,2,0,0,8,1,8,6,22,95,6,19,1,7,1,34,5,14,8,66,10,4,4,80,3,1,27,24,0,60634,81738,74101,122304,74781,94397,107826,0,83037,91301,84247,32928,51646,39051,66191,2,6,16,9,27,46,5,36,3,7,18,29,5,10,6,3,11,74,10,40878,13,11,15,13,12,9,15,8,19,8,4,6,9,27,21,1,16,24,10,65,39,32,27,315496,1363,1847,575,1935,12,0,1,3,46,3,2,27,29,11,0,32,4,4,2,0,0,55,0,6,4,2,4,66,21,8,28,1,45,20,33,15,35,9,22,36,31,9,91,6,7,14,34,42,4,1,2,3,11,12,5,6,1,2,64,68,48,57,3,0,1,1,6,7,20,0,0,3,4,4,8,9,17,3559,6,6,5,5,12,18,6,4,10,0,Antelope County
52,Washington,53042488898,53042,53,0,4211,4164,3956,3435,3384,200,2914,3252,286,833,2157,2051,2015,1851,4110,3199,4132,54,1765,1628,2,4146,290,4,13,10,17,49,50,71,6,8,84,15,7,0,1,2,3,5,0,2,11,3,80,3,3,1,8,21,22,14,9,35,39,40,38,5,6,5,3,21,16,37,20,25,19,16,3,1,50,49,1,8,57,42,8,3,42,57,3,48,51,12,6,49,50,5,0,48,51,0,45,54,0,4,74,49,50,68,79,3,1,7,0,3,4,3,10,5,1,80,5,86,5,66,0,84,5,2,0,89,2,76,7,89,80,9,7,6,0,26,5,18,26,55,14,14,11,3,3,48,49,27,34,7,2,0,0,5,0,9,7,21,94,5,16,2,9,3,36,4,12,8,69,11,5,5,77,4,2,34,29,0,66814,84387,62486,112175,73644,80563,89848,77842,68353,83784,82083,31328,51510,39880,53418,2,5,15,9,28,45,4,36,3,6,18,30,5,10,7,3,11,74,10,40499,20,10,18,14,12,14,16,9,26,11,4,5,12,33,22,1,13,22,8,69,33,41,25,403545,1388,1975,640,1916,14,2,3,5,47,3,2,25,28,10,0,33,3,1,4,0,0,56,0,9,3,1,6,64,24,8,29,1,45,20,35,14,34,7,25,35,29,10,87,6,3,14,37,44,5,2,4,3,17,19,4,6,1,1,62,66,47,56,2,0,0,0,5,7,24,0,0,3,1,2,6,7,37,4163,6,6,4,5,7,26,4,3,9,0,Antrim County
53,West Virginia,54051062581,54050,54,0,3310,3275,3135,2758,2720,161,2351,2637,227,555,1458,1363,1327,1276,3211,2560,3215,78,1636,1344,2,3256,229,5,19,17,26,50,49,79,0,1,97,2,0,0,0,0,0,0,0,0,1,0,97,0,0,0,0,17,15,13,8,40,43,44,41,5,5,5,3,19,15,32,17,27,21,20,4,0,53,46,0,0,63,36,0,3,44,55,3,49,50,1,2,49,50,2,0,62,37,0,41,58,0,0,92,50,49,91,93,3,0,0,0,0,1,0,1,5,0,94,14,72,9,53,1,68,7,1,0,78,3,63,14,78,61,10,18,6,0,32,11,28,30,41,15,15,14,3,3,46,48,24,31,11,3,0,0,6,0,9,6,27,92,3,19,1,7,4,46,4,7,7,68,12,5,7,67,6,1,19,16,0,49516,65519,14107,82392,46524,84544,63015,0,63443,49202,48662,21296,33338,25775,38856,2,11,26,12,32,28,9,17,6,12,25,28,8,18,13,5,15,60,18,26715,27,12,31,23,24,9,28,17,37,17,9,8,17,26,12,2,8,40,12,47,18,32,49,128174,737,1032,340,1918,4,0,1,2,59,2,2,30,35,13,0,41,5,2,5,0,0,42,0,6,2,5,13,72,14,5,24,6,46,23,27,16,32,17,30,35,25,9,94,9,11,31,34,22,1,1,3,3,23,27,6,7,1,1,53,56,40,49,5,0,0,0,3,3,32,0,0,3,1,1,6,7,44,920,6,11,5,6,8,23,9,2,14,0,Apache County
54,Wisconsin,55076341248,55076,55,0,3765,3725,3551,3084,3036,197,2582,2937,204,757,2005,1934,1887,1781,3668,2857,3670,38,1757,1542,2,3719,207,4,12,9,17,50,49,75,2,2,94,5,2,0,0,0,1,1,0,1,5,1,91,1,1,0,4,16,16,15,7,36,40,41,39,5,5,6,3,21,15,34,18,26,20,17,4,1,46,53,0,2,56,43,2,7,41,58,7,48,51,7,3,50,49,2,0,47,52,0,44,55,0,2,82,50,49,78,85,7,0,2,0,1,1,1,3,9,0,85,9,79,7,59,1,76,6,2,0,84,2,67,8,83,73,11,12,7,0,31,4,19,24,56,14,12,11,2,2,47,48,29,36,8,2,0,0,3,0,8,5,23,96,5,12,1,17,2,34,4,8,9,73,10,4,3,77,3,2,32,29,0,63022,74002,51435,101715,43424,63774,68969,0,57884,66876,64295,27594,41571,34395,41888,3,6,18,10,32,39,5,26,4,9,22,32,5,11,8,3,12,71,12,33738,20,12,26,17,17,22,17,10,25,11,5,6,12,31,19,1,10,30,8,61,23,36,39,189349,887,1427,574,1755,11,1,1,2,61,1,2,30,28,11,0,64,12,1,3,0,0,15,0,8,3,2,3,66,20,7,27,1,40,19,33,19,27,11,34,38,22,5,93,7,12,22,39,26,2,1,3,3,14,16,5,6,1,1,66,71,51,62,2,0,0,0,5,6,21,0,0,5,0,0,5,6,35,2902,6,9,4,5,7,20,5,6,6,0,Appanoose County
55,Wyoming,56022580830,56022,56,0,3633,3591,3411,2927,2883,185,2455,2769,274,760,1878,1796,1756,1670,3526,2702,3542,48,1740,1457,2,3568,277,4,13,10,19,48,51,75,1,1,96,3,2,0,0,0,0,0,0,0,4,1,93,1,1,0,4,21,21,13,10,38,39,40,39,5,6,6,3,22,15,35,19,25,19,17,3,2,44,55,1,0,66,33,0,0,29,70,0,47,52,9,3,48,51,2,0,54,45,0,40,59,0,1,90,49,50,83,92,0,1,0,0,1,2,3,1,1,0,94,7,82,7,61,1,80,6,1,0,85,3,65,13,85,68,10,10,11,0,24,6,31,25,43,12,14,13,2,3,52,52,23,29,8,2,0,0,6,0,9,8,24,95,4,20,1,4,11,34,4,6,7,64,10,6,4,81,3,1,54,42,0,58863,74111,56376,60439,61577,69955,70364,0,59278,67851,66788,25538,45304,34152,46294,3,5,16,10,33,39,5,28,3,8,21,33,5,11,8,3,12,72,11,34511,24,15,22,16,12,21,13,10,14,5,2,8,6,36,17,2,10,28,6,64,25,40,33,251818,885,1464,441,1892,5,1,1,3,51,4,2,28,29,11,0,58,11,0,5,0,0,22,0,9,2,3,13,70,18,7,28,3,37,15,29,14,30,16,55,26,11,6,92,3,14,27,29,28,1,2,4,1,8,9,5,5,1,1,65,69,48,58,2,0,0,0,7,8,17,0,0,4,1,2,11,14,606,1012,6,29,6,7,16,69,8,10,22,0,Appling County
