YEAR,BENES_TOTAL_CNT,BENES_WTH_PTAPTB_CNT,BENES_FFS_CNT,BENES_MA_CNT,MA_PRTCPTN_RATE,BENE_AVG_AGE,BENE_FEML_PCT,BENE_MALE_PCT,BENE_RACE_WHT_PCT,BENE_RACE_BLACK_PCT,BENE_RACE_HSPNC_PCT,BENE_RACE_OTHR_PCT,BENE_DUAL_PCT,BENE_AVG_RISK_SCRE,TOT_MDCR_PYMT_AMT,TOT_MDCR_STDZD_PYMT_AMT,TOT_MDCR_PYMT_PC,TOT_MDCR_STDZD_PYMT_PC,IP_MDCR_PYMT_AMT,IP_MDCR_PYMT_PCT,IP_MDCR_PYMT_PC,IP_MDCR_PYMT_PER_USER,IP_MDCR_STDZD_PYMT_AMT,IP_MDCR_STDZD_PYMT_PCT,IP_MDCR_STDZD_PYMT_PC,IP_MDCR_STDZD_PYMT_PER_USER,BENES_IP_CVRD_STAY_CNT,BENES_IP_PCT,IP_CVRD_STAYS_PER_1000_BENES,IP_CVRD_DAYS_PER_1000_BENES,ACUTE_HOSP_READMSN_CNT,ACUTE_HOSP_READMSN_PCT,BENES_ER_VISITS_CNT,ER_VISITS_PER_1000_BENES,BENES_ER_VISITS_PCT,OP_MDCR_PYMT_AMT,OP_MDCR_PYMT_PCT,OP_MDCR_PYMT_PC,OP_MDCR_PYMT_PER_USER,OP_MDCR_STDZD_PYMT_AMT,OP_MDCR_STDZD_PYMT_PCT,OP_MDCR_STDZD_PYMT_PC,OP_MDCR_STDZD_PYMT_PER_USER,BENES_OP_CNT,BENES_OP_PCT,OP_VISITS_PER_1000_BENES,ASC_MDCR_PYMT_AMT,ASC_MDCR_PYMT_PCT,ASC_MDCR_PYMT_PC,ASC_MDCR_PYMT_PER_USER,ASC_MDCR_STDZD_PYMT_AMT,ASC_MDCR_STDZD_PYMT_PCT,ASC_MDCR_STDZD_PYMT_PC,ASC_MDCR_STDZD_PYMT_PER_USER,BENES_ASC_CNT,BENES_ASC_PCT,ASC_EVNTS_PER_1000_BENES,SNF_MDCR_PYMT_AMT,SNF_MDCR_PYMT_PCT,SNF_MDCR_PYMT_PC,SNF_MDCR_PYMT_PER_USER,SNF_MDCR_STDZD_PYMT_AMT,SNF_MDCR_STDZD_PYMT_PCT,SNF_MDCR_STDZD_PYMT_PC,SNF_MDCR_STDZD_PYMT_PER_USER,BENES_SNF_CNT,BENES_SNF_PCT,SNF_CVRD_STAYS_PER_1000_BENES,SNF_CVRD_DAYS_PER_1000_BENES,IRF_MDCR_PYMT_AMT,IRF_MDCR_PYMT_PCT,IRF_MDCR_PYMT_PC,IRF_MDCR_PYMT_PER_USER,IRF_MDCR_STDZD_PYMT_AMT,IRF_MDCR_STDZD_PYMT_PCT,IRF_MDCR_STDZD_PYMT_PC,IRF_MDCR_STDZD_PYMT_PER_USER,BENES_IRF_CNT,BENES_IRF_PCT,IRF_CVRD_STAYS_PER_1000_BENES,IRF_CVRD_DAYS_PER_1000_BENES,LTCH_MDCR_PYMT_AMT,LTCH_MDCR_PYMT_PCT,LTCH_MDCR_PYMT_PC,LTCH_MDCR_PYMT_PER_USER,LTCH_MDCR_STDZD_PYMT_AMT,LTCH_MDCR_STDZD_PYMT_PCT,LTCH_MDCR_STDZD_PYMT_PC,LTCH_MDCR_STDZD_PYMT_PER_USER,BENES_LTCH_CNT,BENES_LTCH_PCT,LTCH_CVRD_STAYS_PER_1000_BENES,LTCH_CVRD_DAYS_PER_1000_BENES,HH_MDCR_PYMT_AMT,HH_MDCR_PYMT_PCT,HH_MDCR_PYMT_PC,HH_MDCR_PYMT_PER_USER,HH_MDCR_STDZD_PYMT_AMT,HH_MDCR_STDZD_PYMT_PCT,HH_MDCR_STDZD_PYMT_PC,HH_MDCR_STDZD_PYMT_PER_USER,BENES_HH_CNT,BENES_HH_PCT,HH_EPISODES_PER_1000_BENES,HH_VISITS_PER_1000_BENES,HOSPC_MDCR_PYMT_AMT,HOSPC_MDCR_PYMT_PCT,HOSPC_MDCR_PYMT_PC,HOSPC_MDCR_PYMT_PER_USER,HOSPC_MDCR_STDZD_PYMT_AMT,HOSPC_MDCR_STDZD_PYMT_PCT,HOSPC_MDCR_STDZD_PYMT_PC,HOSPC_MDCR_STDZD_PYMT_PER_USER,BENES_HOSPC_CNT,BENES_HOSPC_PCT,HOSPC_CVRD_STAYS_PER_1000_BENES,HOSPC_CVRD_DAYS_PER_1000_BENES,EM_MDCR_PYMT_AMT,EM_MDCR_PYMT_PCT,EM_MDCR_PYMT_PC,EM_MDCR_PYMT_PER_USER,EM_MDCR_STDZD_PYMT_AMT,EM_MDCR_STDZD_PYMT_PCT,EM_MDCR_STDZD_PYMT_PC,EM_MDCR_STDZD_PYMT_PER_USER,BENES_EM_CNT,BENES_EM_PCT,EM_EVNTS_PER_1000_BENES,PRCDRS_MDCR_PYMT_AMT,PRCDRS_MDCR_PYMT_PCT,PRCDRS_MDCR_PYMT_PC,PRCDRS_MDCR_PYMT_PER_USER,PRCDRS_MDCR_STDZD_PYMT_AMT,PRCDRS_MDCR_STDZD_PYMT_PCT,PRCDRS_MDCR_STDZD_PYMT_PC,PRCDRS_MDCR_STDZD_PYMT_PER_USER,BENES_PRCDRS_CNT,BENES_PRCDRS_PCT,PRCDR_EVNTS_PER_1000_BENES,TESTS_MDCR_PYMT_AMT,TESTS_MDCR_PYMT_PCT,TESTS_MDCR_PYMT_PC,TESTS_MDCR_PYMT_PER_USER,TESTS_MDCR_STDZD_PYMT_AMT,TESTS_MDCR_STDZD_PYMT_PCT,TESTS_MDCR_STDZD_PYMT_PC,TESTS_MDCR_STDZD_PYMT_PER_USER,BENES_TESTS_CNT,BENES_TESTS_PCT,TESTS_EVNTS_PER_1000_BENES,IMGNG_MDCR_PYMT_AMT,IMGNG_MDCR_PYMT_PCT,IMGNG_MDCR_PYMT_PC,IMGNG_MDCR_PYMT_PER_USER,IMGNG_MDCR_STDZD_PYMT_AMT,IMGNG_MDCR_STDZD_PYMT_PCT,IMGNG_MDCR_STDZD_PYMT_PC,IMGNG_MDCR_STDZD_PYMT_PER_USER,BENES_IMGNG_CNT,BENES_IMGNG_PCT,IMGNG_EVNTS_PER_1000_BENES,DME_MDCR_PYMT_AMT,DME_MDCR_PYMT_PCT,DME_MDCR_PYMT_PC,DME_MDCR_PYMT_PER_USER,DME_MDCR_STDZD_PYMT_AMT,DME_MDCR_STDZD_PYMT_PCT,DME_MDCR_STDZD_PYMT_PC,DME_MDCR_STDZD_PYMT_PER_USER,BENES_DME_CNT,BENES_DME_PCT,DME_EVNTS_PER_1000_BENES,OP_DLYS_MDCR_PYMT_AMT,OP_DLYS_MDCR_PYMT_PCT,OP_DLYS_MDCR_PYMT_PC,OP_DLYS_MDCR_PYMT_PER_USER,OP_DLYS_MDCR_STDZD_PYMT_AMT,OP_DLYS_MDCR_STDZD_PYMT_PCT,OP_DLYS_MDCR_STDZD_PYMT_PC,OP_DLYS_MDCR_STDZD_PYMT_PER_USER,BENES_OP_DLYS_CNT,BENES_OP_DLYS_PCT,OP_DLYS_VISITS_PER_1000_BENES,FQHC_RHC_MDCR_PYMT_AMT,FQHC_RHC_MDCR_PYMT_PCT,FQHC_RHC_MDCR_PYMT_PC,FQHC_RHC_MDCR_PYMT_PER_USER,FQHC_RHC_MDCR_STDZD_PYMT_AMT,FQHC_RHC_MDCR_STDZD_PYMT_PCT,FQHC_RHC_MDCR_STDZD_PYMT_PC,FQHC_RHC_MDCR_STDZD_PYMT_PU,BENES_FQHC_RHC_CNT,BENES_FQHC_RHC_PCT,FQHC_RHC_VISITS_PER_1000_BENES,AMBLNC_MDCR_PYMT_AMT,AMBLNC_MDCR_PYMT_PCT,AMBLNC_MDCR_PYMT_PC,AMBLNC_MDCR_PYMT_PER_USER,AMBLNC_MDCR_STDZD_PYMT_AMT,AMBLNC_MDCR_STDZD_PYMT_PCT,AMBLNC_MDCR_STDZD_PYMT_PC,AMBLNC_MDCR_STDZD_PYMT_PER_USER,BENES_AMBLNC_CNT,BENES_AMBLNC_PCT,AMBLNC_EVNTS_PER_1000_BENES,TRTMNTS_MDCR_PYMT_AMT,TRTMNTS_MDCR_PYMT_PCT,TRTMNTS_MDCR_PYMT_PC,TRTMNTS_MDCR_PYMT_PER_USER,TRTMNTS_MDCR_STDZD_PYMT_AMT,TRTMNTS_MDCR_STDZD_PYMT_PCT,TRTMNTS_MDCR_STDZD_PYMT_PC,TRTMNTS_MDCR_STDZD_PYMT_PER_USER,BENES_TRTMNTS_CNT,BENES_TRTMNTS_PCT,TRTMNTS_EVNTS_PER_1000_BENES,PTB_OTHR_SRVCS_MDCR_PYMT_AMT,PTB_OTHR_SRVCS_MDCR_STDZD_PYMT,TOT_PBPMT_RDCTN_AMT,TOT_PBPMT_RDCTN_PCC,PQI03_DBTS_AGE_LT_65,PQI03_DBTS_AGE_65_74,PQI03_DBTS_AGE_GE_75,PQI05_COPD_ASTHMA_AGE_40_64,PQI05_COPD_ASTHMA_AGE_65_74,PQI05_COPD_ASTHMA_AGE_GE_75,PQI07_HYPRTNSN_AGE_LT_65,PQI07_HYPRTNSN_AGE_65_74,PQI07_HYPRTNSN_AGE_GE_75,PQI08_CHF_AGE_LT_65,PQI08_CHF_AGE_65_74,PQI08_CHF_AGE_GE_75,PQI11_BCTRL_PNA_AGE_LT_65,PQI11_BCTRL_PNA_AGE_65_74,PQI11_BCTRL_PNA_AGE_GE_75,PQI12_UTI_AGE_LT_65,PQI12_UTI_AGE_65_74,PQI12_UTI_AGE_GE_75,PQI15_ASTHMA_AGE_LT_40,PQI16_LWRXTRMTY_AMPUTN_AGE_LT_65,PQI16_LWRXTRMTY_AMPUTN_AGE_65_74,PQI16_LWRXTRMTY_AMPUTN_AGE_GE_75,<65,>=65,All
2014,56767775,49302821,33462969,15839852,0.3213,71,0.5505,0.4495,0.7993,0.0971,0.0584,0.0452,0.2148,1.0,326832715419.43,307544792474.81,9767.0,9190.6,108470702415.23,0.3319,3241.51,18525.95,87686002024.77,0.2851,2620.39,14976.09,5855068,0.175,281.6952,1523.5539,1562184,0.1808,22444440,670.7247,0.3151,44252969660.05,0.1354,1322.45,2077.64,43449098578.15,0.1413,1298.42,2039.9,21299598,0.6365,3989.5324,2926249032.17,0.009000000000000001,87.45,887.56,2959871752.41,0.0096,88.45,897.76,3296947,0.0985,148.0517,26750774273.07,0.0818,799.41,15639.14,27715343486.84,0.0901,828.24,16203.05,1710502,0.0511,70.3809,1898.2778,6683380212.21,0.0204,199.72,20304.35,6620556635.32,0.0215,197.85,20113.49,329160,0.0098,10.9091,138.7271,4828839017.92,0.0148,144.3,42450.21,4979670184.77,0.0162,148.81,43776.17,113753,0.0034,3.8456,101.7857,16542043418.91,0.0506,494.34,5221.53,17278066874.21,0.0562,516.33,5453.86,3168046,0.0947,182.8676,3057.6218,10216912980.09,0.0313,305.32,11250.78,10408272182.21,0.0338,311.04,11461.5042,908107,0.0271,28.4807,1882.6736,31504935646.53,0.0964,941.49,1047.8,31953567296.72,0.1039,954.89,1062.72,30067810,0.8985,13601.0144,15996251728.84,0.0489,478.03,827.72,15872649051.82,0.0516,474.33,821.32,19325686,0.5775,2793.0567,8742579917.96,0.0267,261.26,338.17,8206150148.36,0.0267,245.23,317.42,25852391,0.7726,5987.5372,7550273111.08,0.0231,225.63,310.73,7576467248.39,0.0246,226.41,311.81,24298716,0.7261,4064.3647,6552945657.87,0.02,195.83,730.14,7281376169.81,0.0237,217.6,811.3,8974903,0.2682,1899.3495,8600840963.45,0.0263,257.03,23683.08,8643943272.04,0.0281,258.31,23801.76,363164,0.0109,1448.3442,1291549826.68,0.004,38.6,414.78,1401424024.17,0.0046,41.88,450.07,3113814,0.0931,418.6539,4711208339.6,0.0144,140.79,1011.92,4806773658.14,0.0156,143.64,1032.44,4655728,0.1391,421.7435,16576407938.12,0.0507,495.37,884.03,16018719784.89,0.0521,478.7,854.29,18750863,0.5603,2836.7589,4633851279.6,4686840101.78,0.0,0.0,735,203,223,1568,806,1104,131,77,166,1043,729,2160,686,499,1373,361,269,1120,286,147,50,47,0,0,1
2014,9286837,7824336,5867170,1957166,0.2501,51,0.4769,0.5231,0.6725,0.1978,0.0885,0.0412,0.5736,1.14,62967436000.82,59132868028.33,10732.16,10078.6,23664203769.83,0.3758,4033.33,22186.64,19275865722.86,0.326,3285.38,18072.3,1066597,0.1818,342.6015,2097.9874,405723,0.2269,6904471,1176.7975,0.4095,9328074340.96,0.1481,1589.88,2399.13,9232702581.12,0.1561,1573.62,2374.6,3888109,0.6627,4924.737,335382912.39,0.0053,57.16,938.62,348504079.84,0.0059,59.4,975.34,357315,0.0609,97.2978,2475501841.02,0.0393,421.92,15965.01,2555822190.42,0.0432,435.61,16483.01,155058,0.0264,38.9803,1036.2138,821167268.1,0.013000000000000001,139.96,21109.16,823736157.06,0.0139,140.4,21175.19,38901,0.0066,7.4356,93.7873,1312783501.58,0.0208,223.75,44892.23,1369799910.22,0.0232,233.47,46841.98,29243,0.005,5.8161,160.4259,2148112912.78,0.0341,366.12,5342.75,2267737941.57,0.0383,386.51,5640.28,402061,0.0685,146.8705,2266.3471,544574578.17,0.0086,92.82,10399.0,567001734.02,0.0096,96.64,10827.2558,52368,0.0089,9.6295,556.0079,5864459649.5,0.0931,999.54,1168.88,6081348357.99,0.1028,1036.5,1212.11,5017164,0.8551,14779.0925,2396089138.14,0.0381,408.39,898.96,2426046440.39,0.040999999999999995,413.5,910.2,2665406,0.4543,2207.3216,1807915318.17,0.0287,308.14,445.05,1675067212.4,0.0283,285.5,412.35,4062250,0.6924,5287.5741,1034124115.36,0.0164,176.26,276.93,1062346400.56,0.018000000000000002,181.07,284.49,3734203,0.6365,3697.4061,1819367665.71,0.0289,310.09,1107.49,1967218724.28,0.0333,335.29,1197.48,1642792,0.28,2255.3845,4559217578.97,0.0724,777.07,24909.81,4597259379.01,0.0777,783.56,25117.66,183029,0.0312,4393.7665,400735371.19,0.0064,68.3,437.93,429520952.45,0.0073,73.21,469.39,915059,0.156,752.3337,1114643915.04,0.0177,189.98,1256.5,1145588324.06,0.0194,195.25,1291.38,887102,0.1512,575.4089,2732617171.05,0.0434,465.75,1100.09,2688108873.5,0.0455,458.16,1082.17,2484005,0.4234,2575.1633,608464952.83,619193046.58,0.0,0.0,735,0,0,1568,0,0,131,0,0,1043,0,0,686,0,0,361,0,0,286,147,0,0,1,0,0
2014,47480938,41478485,27595799,13882686,0.3347,76,0.5661,0.4339,0.8263,0.0757,0.052000000000000005,0.0461,0.1385,0.97,263865279419.19,248411924446.03,9561.79,9001.8,84806498645.39,0.3214,3073.17,17710.56,68410136302.3,0.2754,2479.01,14286.43,4788471,0.1735,268.7459,1401.4231,1156461,0.1687,15539969,563.1281,0.295,34924895319.16,0.1324,1265.59,2005.85,34216395996.95,0.1377,1239.91,1965.16,17411489,0.6309,3790.6977,2590866119.78,0.0098,93.89,881.36,2611367672.57,0.0105,94.63,888.33,2939632,0.1065,158.8426,24275272432.05,0.092,879.67,15606.65,25159521296.43,0.1013,911.72,16175.14,1555444,0.0564,77.057,2081.5621,5862212944.11,0.0222,212.43,20196.49,5796820478.26,0.0233,210.06,19971.2,290259,0.0105,11.6476,148.2817,3516055516.34,0.0133,127.41,41605.2,3609870274.55,0.0145,130.81,42715.3,84510,0.0031,3.4266,89.3182,14393930506.13,0.0546,521.6,5203.91,15010328932.65,0.0604,543.94,5426.76,2765985,0.1002,190.521,3225.8554,9672338401.91,0.0367,350.5,11302.91,9841270448.2,0.0396,356.62,11500.3178,855739,0.031,32.4886,2164.7372,25640475997.02,0.0972,929.14,1023.55,25872218938.73,0.1042,937.54,1032.8,25050646,0.9078,13350.542,13600162590.69,0.0515,492.83,816.32,13446602611.46,0.0541,487.27,807.11,16660280,0.6037,2917.5904,6934664599.8,0.0263,251.29,318.25,6531082936.02,0.0263,236.67,299.73,21790141,0.7896,6136.3571,6516148995.72,0.0247,236.13,316.86,6514120847.84,0.0262,236.05,316.77,20564513,0.7452,4142.3842,4733577992.18,0.0179,171.53,645.6,5314157445.52,0.0214,192.57,724.78,7332111,0.2657,1823.6526,4041623384.48,0.0153,146.46,22436.64,4046683893.03,0.0163,146.64,22464.73,180135,0.0065,822.115,890814455.49,0.0034,32.28,405.14,971903071.72,0.0039,35.22,442.02,2198755,0.0797,347.7098,3596564424.57,0.0136,130.33,954.34,3661185334.09,0.0147,132.67,971.49,3768626,0.1366,389.0726,13843790766.98,0.0525,501.66,851.04,13330610911.41,0.0537,483.07,819.5,16266858,0.5895,2892.377,4025386327.38,4067647054.3,0.0,0.0,0,203,223,0,806,1104,0,77,166,0,729,2160,0,499,1373,0,269,1120,0,0,50,47,0,1,0
2015,58294174,50775877,33551396,17224481,0.3392,71,0.5494,0.4506,0.7985,0.0956,0.057999999999999996,0.0478,0.2095,1.0,334145152037.01,317228010789.86,9959.2,9454.99,109071034672.56,0.3264,3250.86,18731.11,88697327692.95,0.2796,2643.63,15232.27,5822989,0.1736,278.6039,1500.6377,1548294,0.1797,22899364,682.5160000000001,0.3185,47246012366.89,0.1414,1408.17,2158.2,46481415057.23,0.1465,1385.38,2123.27,21891436,0.6525,4366.9961,3084211652.11,0.0092,91.92,924.58,3122846151.94,0.0098,93.08,936.16,3335797,0.0994,150.6042,27021705965.75,0.0809,805.38,15786.94,28023915378.72,0.0883,835.25,16372.47,1711649,0.051,70.325,1858.3831,6933614278.98,0.0208,206.66,20927.56,6898665157.5,0.0217,205.61,20822.07,331315,0.0099,10.9779,138.8985,4713146299.21,0.0141,140.48,43277.2,4875725112.68,0.0154,145.32,44770.03,108906,0.0032,3.6556,97.6423,16918871630.37,0.0506,504.27,5297.47,17675352117.86,0.0557,526.81,5534.33,3193767,0.0952,182.4734,3040.4192,10395346007.17,0.0311,309.83,11291.83,10646178511.23,0.0336,317.31,11564.2907,920608,0.0274,28.7242,1890.8711,32056464621.23,0.0959,955.44,1062.8,32913605656.21,0.1038,980.99,1091.21,30162365,0.899,13659.4281,16137586568.64,0.0483,480.98,830.06,16200468012.0,0.0511,482.86,833.29,19441509,0.5795,2820.0466,8859137125.24,0.0265,264.05,341.76,8787256548.67,0.0277,261.9,338.99,25921723,0.7726,5878.2255,7432134966.57,0.0222,221.51,303.39,7481398760.35,0.0236,222.98,305.4,24497131,0.7301,4092.6902,6968829391.74,0.0209,207.71,778.07,7784866650.83,0.0245,232.03,869.19,8956507,0.2669,1856.604,8538797814.51,0.0256,254.5,23439.3,8609528858.18,0.0271,256.61,23633.46,364294,0.0109,1439.05,1484044049.9,0.0044,44.23,463.96,1598576126.5,0.005,47.65,499.77,3198631,0.0953,426.371,4652497235.81,0.0139,138.67,995.67,4741459558.35,0.0149,141.32,1014.71,4672746,0.1393,398.7574,18287491635.5,0.0547,545.06,965.57,18289782731.52,0.0577,545.13,965.69,18939583,0.5645,2985.5748,4344225754.83,4399642707.12,0.0,0.0,679,181,193,1486,756,1084,123,73,163,1067,738,2212,626,471,1365,332,256,1082,233,155,51,48,0,0,1
2015,9328029,7879122,5725437,2153685,0.2733,51,0.4783,0.5217,0.6731,0.1953,0.0893,0.0424,0.5766,1.15,62645190868.8,59383724110.93,10941.56,10371.91,23160536602.47,0.3697,4045.2,22467.29,18979244756.46,0.3196,3314.9,18411.15,1030856,0.18,338.5548,2071.0683,394227,0.2275,6829276,1192.7956,0.4123,9655905966.99,0.1541,1686.49,2491.86,9582752638.17,0.1614,1673.72,2472.98,3874975,0.6768,5296.9873,356667975.61,0.0057,62.3,1002.87,371430619.56,0.0063,64.87,1044.37,355649,0.0621,100.1055,2432486542.48,0.0388,424.86,15964.13,2514327469.53,0.0423,439.15,16501.24,152372,0.0266,39.2003,1015.4182,842993810.54,0.0135,147.24,21743.46,850097740.26,0.0143,148.48,21926.69,38770,0.0068,7.6188,95.0135,1285587160.5,0.0205,224.54,46091.61,1344299498.42,0.0226,234.79,48196.6,27892,0.0049,5.6684,157.8386,2083836184.24,0.0333,363.96,5330.79,2201552385.27,0.0371,384.52,5631.92,390906,0.0683,145.2937,2225.5353,528821847.35,0.0084,92.36,10383.1,555186970.84,0.0093,96.97,10900.7671,50931,0.0089,9.5589,550.7941,5820846943.96,0.0929,1016.66,1186.17,6114511220.75,0.10300000000000001,1067.96,1246.01,4907274,0.8571,14905.716,2370654853.31,0.0378,414.06,907.01,2424024662.26,0.0408,423.38,927.43,2613705,0.4565,2237.0932,1848706138.68,0.0295,322.89,464.28,1856917060.85,0.0313,324.33,466.35,3981852,0.6955,5285.5029,990427113.35,0.0158,172.99,270.13,1019802455.69,0.0172,178.12,278.14,3666509,0.6404,3723.7996,1895111770.25,0.0303,331.0,1183.94,2054250001.77,0.0346,358.79,1283.35,1600688,0.2796,2205.2072,4463784363.89,0.0713,779.64,24552.05,4517336329.1,0.0761,788.99,24846.6,181809,0.0318,4430.1825,462049283.24,0.0074,80.7,501.91,491246893.39,0.0083,85.8,533.63,920578,0.1608,772.5765,1069399130.72,0.0171,186.78,1230.86,1097564462.71,0.0185,191.7,1263.28,868821,0.1517,542.4809,2833133642.66,0.0452,494.83,1183.69,2856583841.43,0.0481,498.93,1193.49,2393467,0.418,2633.1602,544241538.55,552595104.47,0.0,0.0,679,0,0,1486,0,0,123,0,0,1067,0,0,626,0,0,332,0,0,233,155,0,0,1,0,0
2015,48966145,42896755,27825959,15070796,0.3513,76,0.564,0.436,0.8243,0.0751,0.0516,0.049,0.1339,0.97,271499961168.79,257844286678.18,9757.07,9266.32,85910498070.1,0.3164,3087.42,17927.4,69718082937.28,0.2704,2505.51,14548.44,4792133,0.1722,266.2685,1383.2666,1154067,0.1677,16070088,577.5214,0.2992,37590106399.9,0.1385,1350.9,2086.43,36898662419.46,0.1431,1326.05,2048.05,18016461,0.6475,4175.6422,2727543676.5,0.01,98.02,915.24,2751415532.37,0.0107,98.88,923.25,2980148,0.1071,160.9947,24589219423.27,0.0906,883.68,15769.63,25509587909.19,0.0989,916.76,16359.88,1559277,0.055999999999999994,76.7292,2031.8306,6090620468.44,0.0224,218.88,20819.43,6048567417.24,0.0235,217.37,20675.68,292545,0.0105,11.6691,147.9282,3427559138.71,0.0126,123.18,42308.23,3531425614.27,0.0137,126.91,43590.31,81014,0.0029,3.2414,85.2564,14835035446.13,0.0546,533.14,5292.82,15473799732.59,0.06,556.09,5520.72,2802861,0.1007,190.1234,3208.0888,9866524159.82,0.0363,354.58,11345.04,10090991540.39,0.0391,362.65,11603.1487,869677,0.0313,32.6677,2166.6038,26235617677.27,0.0966,942.85,1038.82,26799094435.44,0.1039,963.1,1061.14,25255091,0.9076,13402.9934,13766931715.33,0.0507,494.75,818.11,13776443349.7,0.0534,495.09,818.67,16827804,0.6048,2939.9944,7010430986.57,0.0258,251.94,319.53,6930339487.81,0.0269,249.06,315.88,21939871,0.7885,6000.1834,6441707853.21,0.0237,231.5,309.24,6461596304.69,0.0251,232.21,310.2,20830622,0.7486,4168.5928,5073717621.51,0.0187,182.34,689.76,5730616649.08,0.0222,205.94,779.06,7355819,0.2644,1784.8758,4075013450.62,0.015,146.45,22330.68,4092192529.08,0.0159,147.06,22424.82,182485,0.0066,823.5981,1021994766.67,0.0038,36.73,448.63,1107329233.1,0.0043,39.79,486.09,2278053,0.0819,355.1361,3583098105.09,0.0132,128.77,941.95,3643895095.67,0.0141,130.95,957.93,3803925,0.1367,369.1851,15454357992.94,0.0569,555.39,934.02,15433198890.37,0.0599,554.63,932.74,16546116,0.5946,3058.0872,3799984216.72,3847047600.44,0.0,0.0,0,181,193,0,756,1084,0,73,163,0,738,2212,0,471,1365,0,256,1082,0,0,51,48,0,1,0
2016,59748950,52166410,33981630,18184780,0.3486,71,0.5488,0.4512,0.7957,0.0947,0.0587,0.0509,0.2068,1.0,342278847671.01,323935967163.94,10072.47,9532.68,112264731750.14,0.32799999999999996,3303.69,19340.03,91384767506.33,0.2821,2689.24,15743.0,5804787,0.1708,273.4246,1455.0419,1537263,0.1793,23209316,682.9960000000001,0.3178,50335333128.31,0.1471,1481.25,2255.24,49456049131.89,0.1527,1455.38,2215.84,22319305,0.6568,4469.751,3358417645.02,0.0098,98.83,971.57,3408690461.82,0.0105,100.31,986.11,3456698,0.1017,156.1812,26340676449.24,0.077,775.14,15765.46,27276682788.24,0.0842,802.69,16325.68,1670784,0.0492,67.7843,1740.6597,7183176284.02,0.021,211.38,21669.43,7141006399.39,0.022000000000000002,210.14,21542.21,331489,0.0098,10.883,137.7455,4329091036.33,0.0126,127.4,41637.89,4459636245.2,0.0138,131.24,42893.49,103970,0.0031,3.4476,88.06299999999999,16935999928.55,0.0495,498.39,5285.95,17667201268.82,0.0545,519.9,5514.16,3203968,0.0943,179.1842,2987.9565,10884174489.5,0.0318,320.3,11602.52,11172742173.93,0.0345,328.79,11910.1343,938087,0.0276,28.944000000000003,1946.5169,32570756535.3,0.0952,958.48,1065.26,33012675352.26,0.1019,971.49,1079.72,30575360,0.8998,13771.4354,16493870173.13,0.0482,485.38,831.77,16598089532.0,0.0512,488.44,837.03,19829812,0.5835,2871.7270000000003,8583946939.16,0.0251,252.61,326.29,8624242691.6,0.0266,253.79,327.83,26307400,0.7742,5762.8775,7622794623.2,0.0223,224.32,306.06,7646135404.18,0.0236,225.01,306.99,24906392,0.7329,4133.5397,6482018635.23,0.0189,190.75,714.8,6675911580.83,0.0206,196.46,736.18,9068292,0.2669,1822.0321,8711022446.64,0.0255,256.35,23560.11,8759178135.02,0.027000000000000003,257.76,23690.36,369736,0.0109,1452.3329999999999,1627994421.28,0.0048,47.91,490.67,1726511552.49,0.0053,50.81,520.36,3317927,0.0976,436.1603,4585773569.37,0.0134,134.95,979.1,4573749429.6,0.0141,134.59,976.53,4683663,0.1378,383.5559,19519568739.8,0.057,574.42,1019.96,19779932366.75,0.0611,582.08,1033.56,19137624,0.5632,3029.3719,4449500876.8,4572765143.59,0.0,0.0,585,140,125,1400,686,981,141,72,163,1132,741,2193,575,407,1160,320,244,1040,186,190,58,52,0,0,1
2016,9264528,7883813,5598935,2284878,0.2898,51,0.4793,0.5207,0.6703,0.1945,0.0907,0.0445,0.5839,1.17,62958311007.48,59645473537.37,11244.69,10653.0,23611946593.99,0.375,4217.22,23361.7,19386298126.15,0.325,3462.5,19180.83,1010712,0.1805,340.6064,2084.8963,391661,0.2294,6768479,1208.8869,0.4154,9975427990.41,0.1584,1781.67,2617.19,10048156078.02,0.1685,1794.65,2636.27,3811499,0.6808,5400.9287,383974418.62,0.0061,68.58,1091.34,400954775.97,0.0067,71.61,1139.6,351838,0.0628,103.0101,2448095146.39,0.0389,437.24,16178.91,2527406213.6,0.0424,451.41,16703.06,151314,0.027000000000000003,40.0099,1021.1692,875584230.28,0.0139,156.38,22622.58,884415773.62,0.0148,157.96,22850.76,38704,0.0069,7.8277,98.12100000000001,1171712380.02,0.0186,209.27,44193.88,1223902320.6,0.0205,218.6,46162.35,26513,0.0047,5.4977,146.649,2017334848.05,0.032,360.31,5273.66,2131487135.42,0.0357,380.7,5572.08,382530,0.0683,143.7088,2204.3306,541428585.36,0.0086,96.7,10608.55,568869076.33,0.0095,101.6,11146.2091,51037,0.0091,9.8095,569.8477,5775913692.32,0.0917,1031.61,1200.95,5964849725.34,0.1,1065.35,1240.24,4809442,0.8590000000000001,15203.4414,2330151746.46,0.037000000000000005,416.18,907.08,2393709342.23,0.0401,427.53,931.83,2568839,0.4588,2277.85,1519844414.08,0.0241,271.45,388.64,1563982787.78,0.0262,279.34,399.92,3910711,0.6985,5091.5567,983786272.17,0.0156,175.71,272.96,1007322604.22,0.0169,179.91,279.49,3604155,0.6437,3790.4805,1746865651.32,0.0277,312.0,1116.04,1781681033.28,0.0299,318.22,1138.29,1565232,0.2796,2161.9026,4566865668.32,0.0725,815.67,25039.29,4618097997.1,0.0774,824.82,25320.19,182388,0.0326,4559.2378,502615854.89,0.008,89.77,539.02,525327294.57,0.0088,93.83,563.37,932470,0.1665,808.5906,1044598451.49,0.0166,186.57,1212.58,1043558731.4,0.0175,186.39,1211.37,861471,0.1539,537.6771,2923851814.4,0.0464,522.22,1246.72,3019751747.05,0.0506,539.34,1287.61,2345232,0.4189,2690.8664,538313248.9,555702774.69,0.0,0.0,585,0,0,1400,0,0,141,0,0,1132,0,0,575,0,0,320,0,0,186,190,0,0,1,0,0
2016,50484422,44282597,28382695,15899902,0.3591,75,0.5626,0.4374,0.8204,0.075,0.0524,0.0522,0.1324,0.97,279320536664.05,264290493626.03,9841.23,9311.68,88652785156.14,0.3174,3123.48,18492.16,71998469379.62,0.2724,2536.7,15018.22,4794075,0.1689,260.1719,1330.7931,1145602,0.1668,16440837,579.2557,0.2986,40359905137.93,0.1445,1421.99,2180.7,39407893054.11,0.1491,1388.45,2129.26,18507806,0.6521,4286.0615,2974443226.4,0.0106,104.8,958.0,3007735685.85,0.0114,105.97,968.72,3104860,0.1094,166.67,23892581302.85,0.0855,841.8,15724.29,24749276574.64,0.0936,871.98,16288.1,1519470,0.0535,73.2632,1882.5905,6307592053.74,0.0226,222.23,21543.43,6256590625.77,0.0237,220.44,21369.23,292785,0.0103,11.4857,145.562,3157378656.31,0.0113,111.24,40762.99,3235733924.59,0.0122,114.0,41774.58,77457,0.0027,3.0432,76.506,14918665080.5,0.0534,525.63,5287.61,15535714133.4,0.0588,547.37,5506.31,2821438,0.0994,186.1823,3142.5391,10342745904.14,0.037000000000000005,364.4,11659.71,10603873097.6,0.0401,373.6,11954.0873,887050,0.0313,32.7185,2218.0866,26794842842.98,0.0959,944.06,1039.93,27047825626.87,0.1023,952.97,1049.75,25765918,0.9078,13488.9496,14163718426.66,0.0507,499.03,820.56,14204380189.79,0.0537,500.46,822.92,17260973,0.6082,2988.8786,7064102525.11,0.0253,248.89,315.41,7060259903.88,0.0267,248.75,315.24,22396689,0.7891,5895.3061,6639008351.03,0.0238,233.91,311.66,6638812799.97,0.0251,233.9,311.65,21302237,0.7505,4201.2135,4735152983.92,0.017,166.83,631.1,4894230547.56,0.0185,172.44,652.3,7503060,0.2644,1754.9873,4144156778.32,0.0148,146.01,22120.1,4141080137.92,0.0157,145.9,22103.68,187348,0.0066,839.4469,1125378566.4,0.004,39.65,471.77,1201184257.92,0.0045,42.32,503.54,2385457,0.084,362.6925,3541175117.88,0.0127,124.77,926.48,3530190698.2,0.0134,124.38,923.6,3822192,0.1347,353.1531,16595716925.51,0.0594,584.71,988.29,16760180620.17,0.0634,590.51,998.08,16792392,0.5916,3096.1475,3911187628.22,4017062368.16,0.0,0.0,0,140,125,0,686,981,0,72,163,0,741,2193,0,407,1160,0,244,1040,0,0,58,52,0,1,0
2017,61183227,53301510,33725800,19575710,0.3673,72,0.5477,0.4523,0.7957,0.0928,0.0571,0.0545,0.2037,1.0,348457916570.73,328935074075.3,10332.09,9753.22,113711302212.65,0.3263,3371.64,19753.96,92391616387.41,0.2809,2739.49,16050.3,5756379,0.1707,273.4577,1437.2903,1543761,0.1805,23132865,685.91,0.3193,53675700337.94,0.154,1591.53,2409.47,52710824255.08,0.1602,1562.92,2366.16,22276950,0.6605,4534.8714,3612500773.07,0.0104,107.11,1041.84,3653926026.94,0.0111,108.34,1053.79,3467430,0.1028,159.8243,25893309734.73,0.0743,767.76,15918.84,26793960090.06,0.0815,794.46,16472.54,1626583,0.0482,66.7473,1673.76,7453310408.44,0.0214,221.0,22407.28,7393439121.17,0.0225,219.22,22227.28,332629,0.0099,11.0372,139.2,3825418669.98,0.011000000000000001,113.43,40171.58,3931629712.55,0.012,116.58,41286.92,95227,0.0028,3.178,79.3915,16645460752.43,0.0478,493.55,5294.37,17307886232.57,0.0526,513.19,5505.06,3143995,0.0932,174.7153,2907.8784,11202714190.71,0.0321,332.17,11791.83,11482287614.88,0.0349,340.46,12086.1097,950040,0.0282,29.5617,1994.2879,32868886180.96,0.0943,974.59,1083.93,33279048122.75,0.1012,986.75,1097.46,30323725,0.8991,13673.0871,16495691996.41,0.0473,489.11,835.1,16590098671.4,0.0504,491.91,839.88,19752900,0.5857,2929.5747,8902254622.87,0.0255,263.96,340.02,8943162780.42,0.0272,265.17,341.58,26181694,0.7763,5725.8025,7727596901.75,0.0222,229.13,310.8,7671940822.35,0.0233,227.48,308.56,24863698,0.7372,4188.7618,6345489224.3,0.0182,188.15,718.53,6319047792.57,0.0192,187.37,715.54,8831163,0.2619,1713.5768,8767701635.95,0.0252,259.97,23437.16,8819348665.84,0.0268,261.5,23575.22,374094,0.0111,1464.7543,1781987003.45,0.0051,52.84,519.12,1884626098.78,0.0057,55.88,549.03,3432677,0.1018,458.1694,4614476607.92,0.0132,136.82,988.22,4578042977.35,0.0139,135.74,980.42,4669480,0.1385,382.4413,20353696536.68,0.0584,603.51,1055.88,20552313431.93,0.0625,609.39,1066.18,19276510,0.5716,3096.1941,4580418780.45,4631875271.22,58329542.22,1.73,733,190,180,1539,779,1221,243,89,187,1305,789,2330,407,286,909,306,236,997,169,219,66,57,0,0,1
2017,9164526,7754533,5341817,2412716,0.3111,51,0.4788,0.5212,0.6715,0.1931,0.08800000000000001,0.0474,0.5897,1.2,61890761316.65,58515884584.12,11586.09,10954.3,23001789472.89,0.3717,4305.99,24022.58,18853911557.06,0.3222,3529.49,19690.63,957507,0.1792,339.7267,2079.4065,380935,0.233,6395547,1197.2606,0.4137,10215856660.57,0.1651,1912.43,2807.93,10309871502.19,0.1762,1930.03,2833.77,3638219,0.6811,5418.9627,401933010.82,0.0065,75.24,1195.18,415381579.29,0.0071,77.76,1235.17,336296,0.063,104.131,2375387713.56,0.0384,444.68,16506.52,2449161605.0,0.0419,458.49,17019.18,143906,0.0269,40.1869,1010.5664,882965358.09,0.0143,165.29,23382.38,890411088.83,0.0152,166.69,23579.55,37762,0.0071,8.0454,100.06200000000001,1000955550.9,0.0162,187.38,42642.85,1043513383.59,0.0178,195.35,44455.9,23473,0.0044,5.0983,133.5291,1903618163.91,0.0308,356.36,5309.42,2004995737.78,0.0343,375.34,5592.17,358536,0.0671,139.8183,2144.9429999999998,542460617.07,0.0088,101.55,10851.38,569558796.52,0.0097,106.62,11393.4546,49990,0.0094,10.1192,595.5152,5573720572.69,0.0901,1043.41,1218.67,5734554260.8,0.098,1073.52,1253.84,4573591,0.8562,15049.9763,2220243526.38,0.0359,415.63,907.43,2270690921.48,0.0388,425.08,928.05,2446729,0.45799999999999996,2335.8076,1581877704.35,0.0256,296.13,423.26,1620305545.24,0.0277,303.32,433.54,3737390,0.6996,5092.6408,961589702.75,0.0155,180.01,280.19,969953945.97,0.0166,181.58,282.63,3431901,0.6425,3792.3858,1713396531.86,0.0277,320.75,1156.7,1707272425.48,0.0292,319.61,1152.56,1481283,0.2773,2074.864,4545263528.0,0.0734,850.88,25035.33,4601365942.99,0.0786,861.39,25344.34,181554,0.034,4721.8089,527014241.84,0.0085,98.66,569.12,548951191.99,0.0094,102.76,592.81,926020,0.1734,853.8205,1018295196.53,0.0165,190.63,1231.95,1010818677.84,0.0173,189.23,1222.91,826571,0.1547,540.6275,2879324673.77,0.0465,539.02,1277.45,2960730077.64,0.0506,554.26,1313.57,2253958,0.4219,2717.7629,545069090.66,554436344.42,6126717.79,1.15,733,0,0,1539,0,0,243,0,0,1305,0,0,407,0,0,306,0,0,169,219,0,0,1,0,0
2017,52018701,45546977,28383983,17162994,0.3768,75,0.5607,0.4393,0.8190000000000001,0.0739,0.0512,0.0558,0.1311,0.96,286567155254.2,270419189492.0,10096.09,9527.18,90709512739.75,0.3165,3195.8,18902.26,73537704829.89,0.2719,2590.82,15323.96,4798872,0.1691,260.986,1316.4452,1162826,0.1681,16737318,589.6747,0.3016,43459843677.37,0.1517,1531.14,2331.7,42400952753.11,0.1568,1493.83,2274.88,18638731,0.6567,4368.4869,3210567762.24,0.0112,113.11,1025.37,3238544447.65,0.012,114.1,1034.3,3131134,0.1103,170.3057,23517922021.17,0.0821,828.56,15861.8,24344798485.06,0.09,857.69,16419.49,1482677,0.0522,71.7459,1798.5719,6570345050.35,0.0229,231.48,22282.4,6503028032.34,0.024,229.11,22054.11,294867,0.0104,11.6002,146.5657,2824463119.08,0.0099,99.51,39363.15,2888116328.96,0.0107,101.75,40250.25,71754,0.0025,2.8167,69.2029,14741842588.52,0.0514,519.37,5292.43,15302890494.8,0.0566,539.14,5493.85,2785459,0.0981,181.2829,3051.4615,10660253573.64,0.0372,375.57,11844.07,10912728818.36,0.0404,384.47,12124.5807,900050,0.0317,33.2207,2257.5345,27295165608.27,0.0952,961.64,1060.0,27544493861.96,0.1019,970.42,1069.68,25750134,0.9072,13413.9589,14275448470.03,0.0498,502.94,824.88,14319407749.92,0.053,504.49,827.42,17306171,0.6097,3041.3207,7320376918.52,0.0255,257.91,326.16,7322857235.15,0.0271,257.99,326.27,22444304,0.7907,5844.9624,6766007199.0,0.0236,238.37,315.7,6701986876.36,0.0248,236.12,312.71,21431797,0.7551,4263.3591,4632092692.45,0.0162,163.19,630.23,4611775367.09,0.0171,162.48,627.46,7349880,0.2589,1645.5832,4222438107.96,0.0147,148.76,21930.19,4217982722.85,0.0156,148.6,21907.05,192540,0.0068,851.7821,1254972761.61,0.0044,44.21,500.66,1335674906.79,0.0049,47.06,532.85,2506657,0.0883,383.7085,3596181411.39,0.0125,126.7,935.8,3567224299.51,0.0132,125.68,928.26,3842909,0.1354,352.671,17474371862.83,0.061,615.64,1026.54,17591583354.79,0.0651,619.77,1033.43,17022552,0.5997,3167.4142,4035349689.99,4077438927.4,52202824.43,1.84,0,190,180,0,779,1221,0,89,187,0,789,2330,0,286,909,0,236,997,0,0,66,57,0,1,0
2018,62873334,54561993,33499454,21062539,0.386,72,0.5467,0.4533,0.7941,0.0903,0.0589,0.0567,0.1975,1.0,357800468832.6,338095379370.59,10680.79,10092.56,114572503845.14,0.3202,3420.13,20596.57,91949991199.13,0.272,2744.82,16529.75,5562698,0.1661,266.1134,1400.3286,1500699,0.1806,22460271,670.4668,0.315,57216775336.24,0.1599,1707.99,2590.27,57639474045.6,0.1705,1720.61,2609.41,22089098,0.6594,4561.3589,3837205068.47,0.0107,114.55,1098.3,3886632417.41,0.0115,116.02,1112.45,3493768,0.1043,160.2138,25290098869.44,0.0707,754.94,16221.14,26210274988.84,0.0775,782.41,16811.34,1559083,0.0465,64.491,1604.5058,7727882800.17,0.0216,230.69,22899.87,7650013257.77,0.0226,228.36,22669.12,337464,0.0101,11.3219,141.7284,3522463363.92,0.0098,105.15,41708.66,3612953316.02,0.0107,107.85,42780.13,84454,0.0025,2.8304,70.5556,16629263380.5,0.0465,496.4,5371.29,17234229976.83,0.051,514.46,5566.69,3095954,0.0924,172.4249,2884.0539,11588449649.74,0.0324,345.93,12160.63,11875245119.88,0.0351,354.49,12461.5877,952948,0.0284,29.855999999999998,2067.1308,33154578018.04,0.0927,989.71,1103.04,33605834349.69,0.0994,1003.18,1118.06,30057358,0.8972,13703.9937,16758080419.24,0.0468,500.25,853.92,16834520744.3,0.0498,502.53,857.82,19624829,0.5858,2957.5404,9389552953.86,0.0262,280.29,361.02,9354226678.6,0.0277,279.24,359.66,26008266,0.7764,5686.885,7825758010.19,0.0219,233.61,316.57,7746276105.64,0.0229,231.24,313.35,24720492,0.7379,4195.9098,7138502177.66,0.02,213.09,807.4,6978252834.86,0.0206,208.31,789.28,8841295,0.2639,1732.9239,9702696911.77,0.0271,289.64,25867.86,9756965038.08,0.0289,291.26,26012.54,375087,0.0112,1491.2927,1919789119.47,0.0054,57.31,542.42,2028898360.31,0.006,60.57,573.25,3539286,0.1057,477.53,4529499674.47,0.0127,135.21,993.09,4486018095.27,0.0133,133.91,983.56,4561001,0.1362,372.4071,22072795760.08,0.0617,658.9,1128.97,22287143336.23,0.0659,665.3,1139.93,19551304,0.5836,3201.8501,4924573474.2,4958429506.14,240615442.98,7.18,740,198,186,1215,571,854,258,89,187,1343,793,2330,497,344,1005,292,219,943,159,239,69,58,0,0,1
2018,9095282,7645571,5072347,2573224,0.3366,51,0.4763,0.5237,0.6676,0.1905,0.0931,0.0488,0.5892,1.21,61611918879.93,58287602589.12,12146.63,11491.25,22562393028.64,0.3662,4448.12,25216.87,18239108668.52,0.3129,3595.79,20384.95,894734,0.1764,335.1299,2068.9643,362759,0.2359,5893691,1161.9258,0.4081,10246561153.66,0.1663,2020.08,2986.93,10592687135.2,0.1817,2088.32,3087.83,3430461,0.6763,5372.016,425228138.82,0.0069,83.83,1331.87,442716631.1,0.0076,87.28,1386.64,319272,0.0629,104.6415,2314578429.71,0.0376,456.31,17055.33,2390826494.78,0.040999999999999995,471.35,17617.17,135710,0.0268,40.266999999999996,1011.0260000000001,887259017.47,0.0144,174.92,24028.68,893861293.96,0.0153,176.22,24207.48,36925,0.0073,8.3407,103.0322,900757112.87,0.0146,177.58,44693.71,938944434.68,0.0161,185.11,46588.49,20154,0.004,4.5608,120.9513,1818078724.27,0.0295,358.43,5399.36,1906484131.88,0.0327,375.86,5661.91,336721,0.0664,138.3969,2140.1257,537933610.01,0.0087,106.05,10972.86,565728694.04,0.0097,111.53,11539.8314,49024,0.0097,10.4246,624.4194,5351251741.35,0.0869,1054.99,1238.41,5525315372.58,0.0948,1089.3,1278.69,4321074,0.8519,15024.9809,2119921228.93,0.0344,417.94,921.85,2173598864.67,0.0373,428.52,945.2,2299628,0.4534,2338.232,1575203882.97,0.0256,310.55,445.38,1589724479.67,0.0273,313.41,449.49,3536764,0.6973,5078.0191,922925108.94,0.015,181.95,285.51,929891272.8,0.016,183.33,287.67,3232533,0.6373,3754.1404,1832031204.01,0.0297,361.18,1299.98,1799571149.57,0.0309,354.78,1276.95,1409275,0.2778,2087.6143,5111311439.92,0.083,1007.68,28295.1,5169591437.26,0.0887,1019.17,28617.72,180643,0.0356,4993.6968,536792040.56,0.0087,105.83,592.18,559097926.94,0.0096,110.22,616.78,906474,0.1787,890.2137,971349093.19,0.0158,191.5,1247.3,965941538.52,0.0166,190.43,1240.36,778761,0.1535,539.8038,2934770628.22,0.0476,578.58,1356.98,3034402135.28,0.0521,598.22,1403.05,2162719,0.4264,2799.2269,563573296.37,570110927.66,30182697.92,5.95,740,0,0,1215,0,0,258,0,0,1343,0,0,497,0,0,292,0,0,159,239,0,0,1,0,0
2018,53778052,46916422,28427107,18489315,0.3941,75,0.5593,0.4407,0.8167,0.0724,0.0528,0.0582,0.1276,0.96,296188549952.46,279807776781.9,10419.23,9842.99,92010110816.49,0.3106,3236.7,19710.97,73710882530.84,0.2634,2592.98,15790.8,4667964,0.1642,253.7985,1281.0216,1137940,0.1681,16566580,582.774,0.2984,46970214182.61,0.1586,1652.3,2517.34,47046786910.6,0.1681,1655.0,2521.45,18658637,0.6564,4416.7105,3411976929.65,0.0115,120.03,1074.81,3443915786.31,0.0123,121.15,1084.87,3174496,0.1117,170.1298,22975520439.72,0.0776,808.23,16141.6,23819448494.06,0.0851,837.91,16734.51,1423373,0.0501,68.8133,1710.4025,6840623782.7,0.0231,240.64,22761.19,6756151963.81,0.0241,237.67,22480.12,300539,0.0106,11.8539,148.6331,2621706251.05,0.0089,92.23,40773.04,2674008881.34,0.0096,94.07,41586.45,64300,0.0023,2.5216,61.5633,14811184656.22,0.05,521.02,5367.86,15327745844.96,0.0548,539.19,5555.07,2759233,0.0971,178.4966,3016.7956,11050516039.73,0.0373,388.73,12225.05,11309516425.84,0.0404,397.84,12511.5789,903924,0.0318,33.3233,2324.5587,27803326276.67,0.0939,978.06,1080.32,28080518977.14,0.1004,987.81,1091.09,25736284,0.9053,13468.2854,14638159190.31,0.0494,514.94,844.91,14660921879.62,0.0524,515.74,846.22,17325201,0.6095,3068.0458,7814349070.9,0.0264,274.89,347.74,7764502198.87,0.0277,273.14,345.53,22471502,0.7905,5795.5271,6902832901.24,0.0233,242.83,321.24,6816384832.83,0.0244,239.78,317.22,21487959,0.7559,4274.7363,5306470973.64,0.0179,186.67,714.0,5178681685.28,0.0185,182.17,696.81,7432020,0.2614,1669.6353,4591385471.85,0.0155,161.51,23612.89,4587373600.82,0.0164,161.37,23592.26,194444,0.0068,866.3466,1382997078.91,0.0047,48.65,525.29,1469800433.37,0.0053,51.7,558.26,2632812,0.0926,403.8934,3558150581.29,0.012,125.17,940.75,3520076556.73,0.0126,123.83,930.69,3782240,0.1331,342.5379,19138025131.75,0.0646,673.23,1100.61,19252741201.28,0.0688,677.27,1107.21,17388585,0.6117,3273.6916,4361000177.72,4388318578.18,210432745.06,7.4,0,198,186,0,571,854,0,89,187,0,793,2330,0,344,1005,0,219,943,0,0,69,58,0,1,0
2019,64424327,55813451,33172250,22641201,0.4057,72,0.5457,0.4543,0.7949,0.0875,0.0586,0.0591,0.1887,1.0,368627738410.76,345117895949.15,11112.53,10403.81,116809496123.97,0.3169,3521.3,21565.02,92506789898.34,0.268,2788.68,17078.33,5416618,0.1633,261.5235,1370.1363,1472710,0.1812,21958761,661.9618,0.3121,60388273735.68,0.1638,1820.45,2745.76,59919409372.77,0.1736,1806.31,2724.44,21993258,0.6629999999999999,4662.8628,4137088937.43,0.0112,124.72,1170.63,4191940232.73,0.0121,126.37,1186.15,3534082,0.1065,168.5244,24823800855.29,0.0673,748.33,16650.16,25798039848.71,0.0748,777.7,17303.61,1490905,0.0449,62.0965,1528.4159,7915580115.26,0.0215,238.62,23478.41,7838861539.28,0.0227,236.31,23250.85,337143,0.0102,11.472999999999999,143.2247,3238386746.82,0.0088,97.62,42840.9,3319301490.05,0.0096,100.06,43911.33,75591,0.0023,2.5527,64.2085,16652155359.81,0.0452,501.99,5486.55,17059479137.99,0.0494,514.27,5620.75,3035088,0.0915,169.7097,2821.2378,12194036732.32,0.0331,367.6,12736.28,12498246163.02,0.0362,376.77,13054.0211,957425,0.0289,30.3533,2174.646,34048032506.9,0.0924,1026.4,1142.86,34011236891.81,0.0985,1025.29,1141.62,29792052,0.8981,13876.363000000001,17498687897.03,0.0475,527.51,890.69,17289737013.68,0.0501,521.21,880.05,19646213,0.5922,3026.6616,9628406778.56,0.0261,290.25,372.66,9556748585.82,0.0277,288.09,369.88,25837243,0.7789,5683.0779,8119501078.78,0.022000000000000002,244.77,328.88,7939764882.16,0.023,239.35,321.6,24688193,0.7442,4281.7563,7432278394.13,0.0202,224.05,853.36,7169155534.5,0.0208,216.12,823.15,8709448,0.2626,1726.2716,9877208657.51,0.0268,297.76,26365.24,9943628128.37,0.0288,299.76,26542.53,374630,0.0113,1506.4735,2077237037.3,0.0056,62.62,573.27,2191953210.13,0.0064,66.08,604.93,3623472,0.1092,498.3921,4472028416.64,0.0121,134.81,1007.33,4411912036.64,0.0128,133.0,993.79,4439474,0.1338,362.5888,24062912313.4,0.0653,725.39,1233.56,24219265776.39,0.0702,730.11,1241.58,19506865,0.588,3365.4064,5252626723.92,5252426206.74,335840845.54,10.12,780,211,206,1120,522,774,274,91,194,1393,787,2342,466,325,946,283,214,902,152,248,69,59,0,0,1
2019,8918036,7483252,4700084,2783168,0.3719,51,0.4738,0.5262,0.665,0.1878,0.0952,0.0519,0.5866,1.23,59858645689.17,56106990535.95,12735.65,11937.44,21861732735.24,0.3652,4651.35,26674.05,17432190683.02,0.3107,3708.91,21269.46,819588,0.1744,333.20599999999996,2072.1842,342011,0.2399,5380910,1144.854,0.4027,9967670904.04,0.1665,2120.74,3145.45,10172622194.09,0.1813,2164.35,3210.12,3168922,0.6742,5400.3599,441614808.26,0.0074,93.96,1457.08,461146547.27,0.0082,98.11,1521.52,303083,0.0645,109.171,2254305417.94,0.0377,479.63,18129.59,2331551414.08,0.0416,496.07,18750.82,124344,0.0265,39.8544,999.5423,865860708.69,0.0145,184.22,24841.08,873819723.97,0.0156,185.92,25069.42,34856,0.0074,8.5381,105.8,788485294.0,0.0132,167.76,45743.77,822348238.55,0.0147,174.96,47708.32,17237,0.0037,4.1842,112.1842,1709828971.08,0.0286,363.79,5532.98,1769591971.29,0.0315,376.5,5726.37,309025,0.0657,136.58100000000002,2107.7668,536823165.54,0.009000000000000001,114.22,11398.49,563867168.95,0.01,119.97,11972.7189,47096,0.01,10.8458,662.2456,5154061071.82,0.0861,1096.59,1290.25,5245346929.63,0.0935,1116.01,1313.1,3994618,0.8499,15270.9675,2029091943.34,0.0339,431.71,951.2,2047436866.06,0.0365,435.62,959.8,2133193,0.4539,2374.0074,1502680386.05,0.0251,319.71,459.09,1511463901.81,0.0269,321.58,461.77,3273198,0.6964,5081.0207,889067596.62,0.0149,189.16,297.14,884071109.28,0.0158,188.1,295.47,2992085,0.6366,3785.1904,1753023476.57,0.0293,372.98,1382.25,1705808360.63,0.0304,362.93,1345.02,1268242,0.2698,2058.3392,5130636016.58,0.0857,1091.61,28849.57,5194794979.99,0.0926,1105.26,29210.33,177841,0.0378,5300.6961,536484671.59,0.009000000000000001,114.14,621.95,557221739.3,0.0099,118.56,645.99,862588,0.1835,927.4404,915151399.28,0.0153,194.71,1282.46,912153387.67,0.0163,194.07,1278.26,713588,0.1518,541.7444,2949999529.28,0.0493,627.65,1472.25,3046446898.06,0.0543,648.17,1520.39,2003731,0.4263,2949.4107,572127593.22,575108422.29,39406721.61,8.38,780,0,0,1120,0,0,274,0,0,1393,0,0,466,0,0,283,0,0,152,248,0,0,1,0,0
2019,55506291,48330199,28472166,19858033,0.4109,75,0.5576,0.4424,0.8163,0.0709,0.0525,0.0603,0.12300000000000001,0.96,308769092721.28,289010905413.15,10844.59,10150.65,94947763388.73,0.3075,3334.76,20654.15,75074599215.89,0.2598,2636.77,16331.11,4597030,0.1615,249.6904,1254.2447,1130699,0.1687,16577851,582.2476,0.2972,50420602831.6,0.1633,1770.87,2678.48,49746787178.99,0.1721,1747.21,2642.68,18824336,0.6611,4541.1195,3695474129.17,0.012,129.79,1143.76,3730793685.46,0.0129,131.03,1154.69,3230999,0.1135,178.3223,22569495437.34,0.0731,792.69,16515.54,23466488434.63,0.0812,824.19,17171.93,1366561,0.048,65.7682,1615.7205,7049719406.57,0.0228,247.6,23321.28,6965041815.31,0.0241,244.63,23041.16,302287,0.0106,11.9574,149.4026,2449901452.82,0.0079,86.05,41983.44,2496953251.5,0.0086,87.7,42789.75,58354,0.002,2.2834,56.2888,14942326388.73,0.0484,524.8,5481.28,15289887166.7,0.0529,537.01,5608.78,2726063,0.0957,175.1785,2939.015,11657213566.78,0.0378,409.42,12805.5,11934378994.07,0.0413,419.16,13109.9624,910329,0.032,33.5735,2424.3077,28893971435.08,0.0936,1014.81,1120.03,28765889962.21,0.0995,1010.32,1115.07,25797434,0.9061,13646.1467,15469595953.69,0.0501,543.32,883.32,15242300147.63,0.0527,535.34,870.34,17513020,0.6151,3134.3995,8125726392.48,0.0263,285.39,360.12,8045284683.96,0.0278,282.57,356.55,22564045,0.7925,5782.4634,7230433482.15,0.0234,253.95,333.26,7055693772.87,0.0244,247.81,325.21,21696108,0.762,4363.7276,5679254917.58,0.0184,199.47,763.22,5463347173.87,0.0189,191.88,734.2,7441206,0.2614,1671.455,4746572640.93,0.0154,166.71,24120.11,4748833148.38,0.0164,166.79,24131.6,196789,0.0069,880.1367,1540752365.71,0.005,54.11,558.06,1634731470.82,0.0057,57.42,592.1,2760884,0.09699999999999999,427.5663,3556877017.37,0.0115,124.92,954.64,3499758648.96,0.0121,122.92,939.31,3725886,0.1309,333.0144,21112912784.05,0.0684,741.53,1206.24,21172818878.0,0.0733,743.63,1209.66,17503134,0.6147,3434.0775,4680499130.51,4677317783.92,296434123.93,10.41,0,211,206,0,522,774,0,91,194,0,787,2342,0,325,946,0,214,902,0,0,69,59,0,1,0
2020,65843042,57338473,32407829,24930644,0.4348,72,0.5451,0.4549,0.7956,0.0843,0.0585,0.0616,0.1798,1.0,348421606782.71,321849251599.71,10751.16,9931.22,109198564691.21,0.3134,3369.51,23420.74,84262091601.3,0.2618,2600.05,18072.4,4662473,0.1439,223.4531,1244.0131,1212568,0.1814,17332356,534.82,0.2672,55725196252.71,0.1599,1719.5,2791.55,55001012972.46,0.1709,1697.15,2755.27,19962106,0.616,3939.0968,3756921689.51,0.0108,115.93,1302.27,3762394058.6,0.0117,116.1,1304.17,2884894,0.08900000000000001,139.279,25983080113.18,0.0746,801.75,19393.54,26538137323.19,0.0825,818.88,19807.83,1339780,0.0413,56.9036,1501.0237,7782707243.86,0.0223,240.15,25746.0,7628933374.01,0.0237,235.4,25237.3,302288,0.0093,10.5491,136.0039,3124656463.46,0.009000000000000001,96.42,47222.36,3172430769.58,0.0099,97.89,47944.37,66169,0.002,2.2472,58.1236,15906430338.23,0.0457,490.82,5629.89,16049686213.76,0.0499,495.24,5680.59,2825355,0.0872,261.0607,2423.9555,12570183320.09,0.0361,387.87,12813.02,12699137928.71,0.0395,391.85,12944.4614,981048,0.0303,31.6575,2238.5675,30571361328.35,0.0877,943.33,1068.62,30180044667.47,0.0938,931.26,1054.94,28608192,0.8828,12687.0374,15058824670.79,0.0432,464.67,855.62,14672726756.17,0.0456,452.75,833.68,17599919,0.5431,2553.1558,9348748406.74,0.0268,288.47,382.15,9144434277.09,0.0284,282.17,373.8,24463662,0.7549,5168.7896,7102486571.7,0.0204,219.16,315.14,6863883293.88,0.0213,211.8,304.55,22537494,0.6954,3680.3927,7672462425.3,0.022000000000000002,236.75,970.04,7628409887.08,0.0237,235.39,964.47,7909453,0.2441,1668.9641,9537830117.39,0.0274,294.31,25909.5,9491530081.25,0.0295,292.88,25783.72,368121,0.0114,1520.7147,1842757568.39,0.0053,56.86,527.91,1889873458.48,0.0059,58.32,541.4,3490694,0.1077,471.0401,4101944687.54,0.0118,126.57,1023.21,4004756648.83,0.0124,123.57,998.96,4008913,0.1237,332.6258,24140232495.41,0.0693,744.89,1251.76,23944130474.34,0.0744,738.84,1241.59,19285088,0.5951,3020.0888,4997218398.87,4915637813.51,313261496.77,9.67,710,182,173,672,305,422,232,73,157,1220,638,1780,354,236,636,218,163,680,93,255,67,55,0,0,1
2020,8696151,7407255,4282428,3124827,0.4219,51,0.4701,0.5299,0.6609,0.1852,0.0979,0.055999999999999994,0.5835,1.24,54647942444.04,50535567288.39,12760.97,11800.68,19810677771.16,0.3625,4626.04,29229.89,15415562844.36,0.305,3599.72,22745.07,677754,0.1583,295.8242,1930.3827,277598,0.242,4044365,944.4093,0.3484,8547355463.23,0.1564,1995.91,3204.06,8667669135.08,0.1715,2024.01,3249.16,2667664,0.6229,4600.6273,400105474.28,0.0073,93.43,1681.91,411931006.7,0.0082,96.19,1731.62,237888,0.0555,93.6992,2550051945.71,0.0467,595.47,22209.71,2591051582.51,0.0513,605.04,22566.79,114817,0.0268,40.3696,1092.2528,821273271.31,0.015,191.78,27423.31,820854448.49,0.0162,191.68,27409.32,29948,0.006999999999999999,8.1127,103.0056,743604914.22,0.0136,173.64,51113.89,766303002.25,0.0152,178.94,52674.11,14548,0.0034,3.8086,105.2977,1744971846.04,0.0319,407.47,6356.15,1775756080.75,0.0351,414.66,6468.28,274533,0.0641,224.5142,1917.9666,526892957.32,0.0096,123.04,11852.54,543881258.74,0.0108,127.0,12234.6979,44454,0.0104,11.1383,696.6842,4609425280.06,0.0843,1076.36,1302.11,4643285201.13,0.0919,1084.26,1311.67,3539976,0.8266,14679.7086,1696627306.25,0.031,396.18,965.32,1688091011.6,0.0334,394.19,960.47,1757575,0.4104,2066.1468,1273364442.9,0.0233,297.35,448.29,1262193375.78,0.025,294.74,444.36,2840492,0.6633,4602.5351,735958818.69,0.0135,171.86,295.3,723439457.67,0.0143,168.93,290.28,2492252,0.5820000000000001,3309.8088,1671137863.29,0.0306,390.23,1560.52,1653775894.13,0.0327,386.18,1544.31,1070883,0.2501,2020.8412,4881068375.6,0.0893,1139.79,28252.48,4888774300.54,0.0967,1141.59,28297.09,172766,0.0403,5685.5877,448763350.27,0.0082,104.79,586.31,453098498.5,0.009000000000000001,105.8,591.97,765408,0.1787,923.9807,809574144.86,0.0148,189.05,1332.12,800605112.55,0.0158,186.95,1317.36,607734,0.1419,520.6658,2858581681.53,0.0523,667.51,1603.97,2915378745.26,0.0577,680.78,1635.83,1782197,0.4162,2753.215,518507537.31,513916332.35,34171041.54,7.98,710,0,0,672,0,0,232,0,0,1220,0,0,354,0,0,218,0,0,93,255,0,0,1,0,0
2020,57146891,49931218,28125401,21805817,0.4367,75,0.5566,0.4434,0.8161,0.0689,0.0525,0.0625,0.1184,0.96,293773664338.53,271313684312.81,10445.14,9646.57,89387886920.04,0.3043,3178.19,22432.67,68846528757.03,0.2538,2447.84,17277.64,3984719,0.1417,212.4337,1139.5051,934970,0.1688,13287991,472.4552,0.2548,47177840789.53,0.1606,1677.41,2727.92,46333343837.48,0.1708,1647.38,2679.09,17294442,0.6149,3838.3708,3356816215.23,0.0114,119.35,1268.16,3350463051.89,0.0123,119.13,1265.76,2647006,0.0941,146.2191,23433028167.47,0.0798,833.16,19129.58,23947085740.68,0.0883,851.44,19549.23,1224963,0.0436,59.4211,1563.264,6961433972.55,0.0237,247.51,25561.56,6808078925.52,0.0251,242.06,24998.45,272340,0.0097,10.9201,141.0282,2381051549.23,0.0081,84.66,46125.64,2406127767.33,0.0089,85.55,46611.41,51621,0.0018,2.0095,50.9408,14161458492.19,0.0482,503.51,5551.72,14273930133.02,0.0526,507.51,5595.82,2550822,0.0907,266.6254,2500.9983,12043290362.77,0.040999999999999995,428.2,12858.6,12155256669.97,0.0448,432.18,12978.1492,936594,0.0333,34.7818,2473.3377,25961936048.3,0.0884,923.08,1035.65,25536759466.3,0.0941,907.96,1018.69,25068216,0.8913,12383.6295,13362197364.54,0.0455,475.09,843.45,12984635744.57,0.0479,461.67,819.62,15842344,0.5633,2627.3087,8075383963.85,0.0275,287.12,373.46,7882240901.28,0.0291,280.25,364.53,21623170,0.7688,5255.0087,6366527753.01,0.0217,226.36,317.61,6140443836.22,0.0226,218.32,306.33,20045242,0.7127,3736.8185,6001324562.01,0.0204,213.38,877.57,5974633992.95,0.022000000000000002,212.43,873.67,6838570,0.2431,1615.3866,4656761741.78,0.0159,165.57,23837.43,4602755780.71,0.017,163.65,23560.98,195355,0.0069,886.5631,1393994218.12,0.0047,49.56,511.5,1436774959.98,0.0053,51.08,527.2,2725286,0.0969,402.0745,3292370542.68,0.0112,117.06,968.01,3204151536.29,0.0118,113.92,942.07,3401179,0.1209,303.9945,21281650813.61,0.0724,756.67,1215.89,21028751729.27,0.0775,747.68,1201.44,17502891,0.6223,3060.7235,4478710861.63,4401721482.31,279090455.22,9.92,0,182,173,0,305,422,0,73,157,0,638,1780,0,236,636,0,163,680,0,0,67,55,0,1,0
2021,66962048,58264306,30900366,27363940,0.4697,72,0.5454,0.4546,0.8001,0.0781,0.0575,0.0642,0.1712,1.0,360253593722.27,330525431824.69,11658.55,10696.49,108907909863.95,0.3023,3524.49,24798.76,83244019973.91,0.2519,2693.95,18954.99,4391667,0.1421,219.5426,1262.3675,1128866,0.18,17282751,559.3057,0.2805,62391711871.36,0.1732,2019.13,3049.29,60761067366.96,0.1838,1966.35,2969.59,20461092,0.6622,4637.5236,4439851887.7,0.0123,143.68,1377.26,4427234215.45,0.0134,143.27,1373.35,3223680,0.1043,165.8004,24312311776.11,0.0675,786.8,19417.63,24517113691.64,0.0742,793.42,19581.2,1252074,0.0405,55.0837,1429.5446,8115176706.4,0.0225,262.62,26674.83,7921658144.2,0.024,256.36,26038.73,304226,0.0098,11.1366,141.8998,2779725465.18,0.0077,89.96,48823.65,2802360711.2,0.0085,90.69,49221.22,56934,0.0018,2.024,51.2206,15571031213.87,0.0432,503.91,5633.06,15632499629.08,0.0473,505.9,5655.3,2764223,0.0895,277.0658,2295.7094,12182936172.27,0.0338,394.27,13180.27,12199268698.82,0.0369,394.79,13197.9439,924331,0.0299,31.3988,2207.295,34639444001.33,0.0962,1121.0,1256.38,34002931187.64,0.1029,1100.41,1233.29,27570935,0.8923,13460.354,15934067384.23,0.0442,515.66,894.18,15398796738.63,0.0466,498.34,864.14,17819770,0.5767,2872.9044,10571898696.57,0.0293,342.13,437.8,10278251004.18,0.0311,332.63,425.64,24147699,0.7815,5671.0051,7637212766.65,0.0212,247.16,337.97,7320653561.71,0.0221,236.91,323.96,22597051,0.7313,4102.1231,8056422534.17,0.0224,260.72,1071.52,8055567681.97,0.0244,260.69,1071.41,7518682,0.2433,1607.0179999999998,7419521685.19,0.0206,240.11,25319.4,7267369616.27,0.022000000000000002,235.19,24800.18,293037,0.0095,1240.2579,2057908091.67,0.0057,66.6,591.28,2095556120.52,0.0063,67.82,602.1,3480403,0.1126,502.1528,3951834405.62,0.011000000000000001,127.89,1014.44,3851957284.75,0.0117,124.66,988.81,3895565,0.1261,324.7913,26338822741.85,0.0731,852.38,1169.25,25954109981.4,0.0785,839.93,1152.17,22526247,0.7290000000000001,4347.4908,4945806458.16,4795016216.37,463854921.67,15.01,675,181,178,570,256,351,212,74,168,1162,633,1882,282,191,520,220,163,684,89,231,63,52,0,0,1
2021,8419745,7148482,3737344,3411138,0.4772,51,0.4657,0.5343,0.6614,0.1773,0.1001,0.0613,0.5975,1.21,49610552522.94,45511686072.73,13274.28,12177.55,17939989173.65,0.3616,4800.2,31196.24,13837983733.04,0.3041,3702.63,24063.17,575069,0.1539,282.6855,1943.6228,229015,0.2392,3540681,947.3789,0.3522,8246601719.46,0.1662,2206.54,3437.52,8286268061.45,0.1821,2217.15,3454.05,2399000,0.6419,5090.6042,365988046.52,0.0074,97.93,1658.23,376741226.47,0.0083,100.8,1706.95,220710,0.0591,98.1451,2145553931.89,0.0432,574.09,22350.22,2148879259.81,0.0472,574.97,22384.86,95997,0.0257,38.195,1024.5936,744161147.21,0.015,199.11,28665.68,740542182.27,0.0163,198.15,28526.28,25960,0.0069,8.0287,102.1779,598549737.36,0.0121,160.15,53034.71,612130001.94,0.0134,163.79,54237.99,11286,0.003,3.358,90.8605,1539565667.03,0.031,411.94,6480.34,1558697913.36,0.0342,417.06,6560.87,237575,0.0636,231.8039,1781.7295,472920559.34,0.0095,126.54,12020.76,483583038.95,0.0106,129.39,12291.7757,39342,0.0105,11.3179,695.3061,4586212627.64,0.0924,1227.13,1481.15,4601851997.37,0.1011,1231.32,1486.2,3096390,0.8285,15113.6112,1501573279.14,0.0303,401.78,947.62,1482163589.06,0.0326,396.58,935.37,1584575,0.424,2189.133,1305502600.54,0.0263,349.31,514.09,1285721286.94,0.0283,344.02,506.3,2539427,0.6795,4904.7326,680290604.35,0.0137,182.03,304.78,663853371.92,0.0146,177.63,297.41,2232106,0.5972,3478.5192,1569179261.09,0.0316,419.86,1720.22,1557444590.08,0.0342,416.72,1707.35,912199,0.2441,1963.3662,3478167476.2,0.0701,930.65,27317.02,3425447548.53,0.0753,916.55,26902.97,127326,0.0341,4671.9459,430384439.4,0.0087,115.16,635.51,431451558.52,0.0095,115.44,637.09,677227,0.1812,955.1944,689942958.7,0.0139,184.61,1301.49,679647458.22,0.0149,181.85,1282.07,530116,0.1418,488.8803,2823178838.76,0.0569,755.4,1383.34,2856516244.09,0.0628,764.32,1399.68,2040839,0.5461,3494.0214,492790454.66,482763010.71,49272441.22,13.18,675,0,0,570,0,0,212,0,0,1162,0,0,282,0,0,220,0,0,89,231,0,0,1,0,0
2021,58542303,51115824,27163022,23952802,0.4686,75,0.5563,0.4437,0.8192,0.0645,0.0517,0.0646,0.1126,0.97,310643041199.21,285013745751.25,11436.25,10492.71,90967920690.29,0.2928,3348.96,23834.82,69406036240.97,0.2435,2555.17,18185.31,3816598,0.1405,210.8549,1168.634,899851,0.1694,13742070,505.9109,0.2707,54145110151.87,0.1743,1993.34,2997.72,52474799305.75,0.1841,1931.85,2905.24,18062092,0.665,4575.1845,4073863841.18,0.0131,149.98,1356.61,4050492988.99,0.0142,149.12,1348.83,3002970,0.1106,175.1091,22166757844.22,0.0714,816.06,19174.12,22368234431.83,0.0785,823.48,19348.39,1156077,0.0426,57.4075,1485.2615,7371015559.19,0.0237,271.36,26489.1,7181115961.93,0.0252,264.37,25806.66,278266,0.0102,11.5643,147.3651,2181175727.82,0.006999999999999999,80.3,47782.5,2190230709.26,0.0077,80.63,47980.87,45648,0.0017,1.8405,45.7666,14031465546.84,0.0452,516.56,5553.39,14073801715.72,0.0494,518.12,5570.15,2526648,0.09300000000000001,283.2934,2366.4276,11710015612.93,0.0377,431.1,13231.82,11715685659.87,0.0411,431.31,13238.2274,884989,0.0326,34.1617,2415.3286,30053231373.68,0.0967,1106.4,1227.94,29401079190.26,0.1032,1082.39,1201.29,24474545,0.9009999999999999,13232.8833,14432494105.09,0.0465,531.33,888.96,13916633149.57,0.0488,512.34,857.19,16235195,0.5977,2966.9841,9266396096.06,0.0298,341.14,428.84,8992529717.21,0.0316,331.06,416.16,21608272,0.7955,5776.4361,6956922162.3,0.0224,256.12,341.61,6656800189.77,0.0234,245.07,326.88,20364945,0.7497,4187.9244,6487243273.07,0.0209,238.83,981.95,6498123091.88,0.0228,239.23,983.6,6606483,0.2432,1557.9883,3941354208.99,0.0127,145.1,23784.51,3841922067.74,0.0135,141.44,23184.47,165711,0.0061,768.0939999999999,1627523652.28,0.0052,59.92,580.6,1664104562.0,0.0058,61.26,593.65,2803176,0.1032,439.819,3261891446.92,0.0105,120.09,969.23,3172309826.53,0.0111,116.79,942.61,3365449,0.1239,302.2143,23515643903.09,0.0757,865.72,1147.92,23097593736.97,0.081,850.33,1127.51,20485408,0.7542,4464.9191,4453016003.41,4312253204.99,414582480.45,15.26,0,181,178,0,256,351,0,74,168,0,633,1882,0,191,520,0,163,684,0,0,63,52,0,1,0
2022,68192489,59319668,29639955,29679713,0.5003,73,0.546,0.45399999999999996,0.8035,0.0731,0.0568,0.0666,0.165,1.0,356348752289.06,328630875678.94,12022.58,11087.43,105068450165.48,0.2948,3544.82,25152.33,80766367500.62,0.2458,2724.92,19334.66,4177285,0.1409,218.2738,1246.9928,1078862,0.1782,17059786,575.5672,0.2883,64780104743.8,0.1818,2185.57,3327.12,61915040401.37,0.1884,2088.9,3179.97,19470300,0.6569,4582.7042,4633541840.68,0.013000000000000001,156.33,1435.79,4676439127.72,0.0142,157.77,1449.08,3227167,0.1089,173.0844,25587455974.19,0.0718,863.28,20137.93,25950153632.25,0.079,875.51,20423.38,1270610,0.0429,59.6797,1544.9442,8313171802.18,0.0233,280.47,26809.42,8239873932.09,0.0251,278.0,26573.04,310084,0.0105,11.9262,149.9067,2543627372.05,0.0071,85.82,48679.07,2591949095.48,0.0079,87.45,49603.83,52253,0.0018,1.9688,49.6514,14846050715.74,0.0417,500.88,5748.55,15027210623.19,0.0457,506.99,5818.7,2582573,0.0871,266.3491,2157.2778,11983220583.76,0.0336,404.29,13521.72,12157822112.1,0.037000000000000005,410.18,13718.7404,886220,0.0299,31.4163,2242.3952,33150078773.48,0.09300000000000001,1118.43,1249.25,33057285036.33,0.1006,1115.29,1245.76,26535923,0.8953,13722.9031,15309359258.89,0.043,516.51,874.56,14970946709.0,0.0456,505.09,855.23,17505260,0.5906,2945.926,9951012316.75,0.0279,335.73,426.99,9777680186.53,0.0298,329.88,419.55,23304993,0.7863,5754.8036,7388432416.61,0.0207,249.27,335.28,7168870391.88,0.0218,241.87,325.32,22036619,0.7435,4223.5771,8858137700.95,0.0249,298.86,1208.45,8987154666.96,0.0273,303.21,1226.05,7330172,0.2473,1623.2998,6476284571.93,0.0182,218.5,25515.97,6384021995.74,0.0194,215.39,25152.46,253813,0.0086,1118.2617,2147163736.64,0.006,72.44,631.67,2210440241.91,0.0067,74.58,650.29,3399176,0.1147,511.7521,3855237872.4,0.0108,130.07,1017.21,3630074492.12,0.011000000000000001,122.47,957.8,3790008,0.1279,312.5475,26437941058.65,0.0742,891.97,1363.24,26208926281.47,0.0798,884.24,1351.43,19393409,0.6543,4091.6004,5019481384.88,4910619252.14,925451474.9,31.22,642,176,179,509,253,360,206,74,169,1077,593,1841,291,211,602,227,163,698,79,220,60,50,0,0,1
2022,8105685,6894476,3259193,3635283,0.5273,51,0.46,0.54,0.6578,0.1708,0.1029,0.0686,0.6128,1.2,43507515450.62,40009271147.61,13349.17,12275.82,15451429403.76,0.3551,4740.88,32036.1,11961039872.04,0.299,3669.94,24799.33,482313,0.14800000000000002,271.878,1908.3291,193173,0.2376,3068192,941.3962,0.3518,7521623591.76,0.1729,2307.82,3641.94,7370481929.67,0.1842,2261.44,3568.76,2065279,0.6337,4955.0757,324070901.58,0.0074,99.43,1697.65,338866412.99,0.0085,103.97,1775.15,190894,0.0586,95.37299999999999,2019594520.63,0.0464,619.66,23534.56,2029358640.6,0.0507,622.66,23648.34,85814,0.0263,40.3772,1084.238,660097973.88,0.0152,202.53,28984.72,667631061.83,0.0167,204.85,29315.49,22774,0.006999999999999999,8.1358,103.0464,535768833.43,0.0123,164.39,54464.66,554625415.91,0.0139,170.17,56381.56,9837,0.003,3.4444,95.3448,1323321468.98,0.0304,406.03,6817.55,1347733893.47,0.0337,413.52,6943.32,194105,0.0596,218.8361,1649.775,430054551.72,0.0099,131.95,12554.87,445274431.88,0.0111,136.62,12999.1952,34254,0.0105,11.3197,718.4904,3901028527.93,0.0897,1196.93,1452.89,3969611368.47,0.0992,1217.97,1478.43,2685011,0.8238,15054.2598,1237305338.48,0.0284,379.64,900.94,1236101112.28,0.0309,379.27,900.06,1373351,0.4214,2140.1654,1100017895.54,0.0253,337.51,501.79,1095567028.02,0.0274,336.15,499.76,2192207,0.6726,4850.536,575882934.53,0.0132,176.69,297.9,568173707.59,0.0142,174.33,293.91,1933156,0.5931,3423.9691,1561975015.37,0.0359,479.25,2016.76,1571893420.97,0.0393,482.3,2029.57,774497,0.2376,1937.2256,2915005737.53,0.067,894.39,27691.54,2881158287.73,0.07200000000000001,884.01,27370.0,105267,0.0323,4418.1066,398458941.91,0.0092,122.26,673.12,402043072.27,0.01,123.36,679.17,591960,0.1816,957.1391,585508860.84,0.0135,179.65,1285.05,554736755.88,0.0139,170.21,1217.52,455630,0.1398,445.7643,2527864411.26,0.0581,775.61,1727.93,2582659944.1,0.0646,792.42,1765.39,1462942,0.4489,3141.1282,438506541.5,432314791.91,78251089.18,24.01,642,0,0,509,0,0,206,0,0,1077,0,0,291,0,0,227,0,0,79,220,0,0,1,0,0
2022,60086804,52425192,26380762,26044430,0.4968,75,0.5566,0.4434,0.8215,0.0611,0.0511,0.0664,0.1097,0.97,312841236838.23,288621604531.12,11858.69,10940.61,89617020761.72,0.2865,3397.06,24253.78,68805327628.63,0.2384,2608.16,18621.34,3694972,0.1401,211.6513,1165.2884,885689,0.16899999999999998,13991594,530.3711,0.2804,57258481152.05,0.183,2170.46,3289.77,54544558471.87,0.18899999999999997,2067.59,3133.84,17405021,0.6598,4536.6998,4309470939.1,0.0138,163.36,1419.33,4337572714.74,0.015,164.42,1428.58,3036273,0.1151,182.6852,23567861453.56,0.0753,893.37,19891.92,23920794991.65,0.0829,906.75,20189.8,1184796,0.0449,62.0645,1601.8618,7653073828.3,0.0245,290.1,26636.99,7572242870.26,0.0262,287.04,26355.65,287310,0.0109,12.3944,155.6961,2007858538.62,0.0064,76.11,47337.29,2037323679.57,0.0071,77.23,48031.96,42416,0.0016,1.7865,44.0062,13522729246.76,0.0432,512.6,5661.67,13679476729.72,0.0474,518.54,5727.3,2388468,0.0905,272.219,2219.9769,11553166032.04,0.0369,437.94,13560.6,11712547680.22,0.0406,443.98,13747.6703,851966,0.0323,33.8992,2430.6649,29249050245.55,0.0935,1108.73,1226.33,29087673667.87,0.1008,1102.61,1219.56,23850912,0.9041,13558.4215,14072053920.41,0.045,533.42,872.31,13734845596.71,0.0476,520.64,851.41,16131909,0.6115,3045.4731,8850994421.19,0.0283,335.51,419.22,8682113158.48,0.0301,329.11,411.23,21112786,0.8003,5866.5208,6812549482.08,0.0218,258.24,338.87,6600696684.28,0.0229,250.21,328.34,20103463,0.7621,4322.3641,7296162685.58,0.0233,276.57,1112.95,7415261245.99,0.0257,281.09,1131.12,6555675,0.2485,1584.5161,3561278834.4,0.0114,135.0,23974.25,3502863708.01,0.0121,132.78,23581.0,148546,0.0056,710.5846,1748704794.73,0.0056,66.29,622.93,1808397169.64,0.0063,68.55,644.2,2807216,0.1064,456.727,3269729011.56,0.0105,123.94,980.61,3075337736.26,0.0107,116.58,922.31,3334378,0.1264,296.0893,23910076647.4,0.0764,906.35,1333.49,23626266337.25,0.0819,895.59,1317.66,17930467,0.6797,4209.0258,4580974843.18,4478304459.96,847200385.72,32.11,0,176,179,0,253,360,0,74,169,0,593,1841,0,211,602,0,163,698,0,0,60,50,0,1,0
