YEAR,BENE_GEO_CD,BENES_TOTAL_CNT,BENES_WTH_PTAPTB_CNT,BENES_FFS_CNT,BENES_MA_CNT,MA_PRTCPTN_RATE,BENE_AVG_AGE,BENE_FEML_PCT,BENE_MALE_PCT,BENE_RACE_WHT_PCT,BENE_RACE_BLACK_PCT,BENE_RACE_HSPNC_PCT,BENE_RACE_OTHR_PCT,BENE_DUAL_PCT,BENE_AVG_RISK_SCRE,TOT_MDCR_PYMT_AMT,TOT_MDCR_STDZD_PYMT_AMT,TOT_MDCR_PYMT_PC,TOT_MDCR_STDZD_PYMT_PC,IP_MDCR_PYMT_AMT,IP_MDCR_PYMT_PCT,IP_MDCR_PYMT_PC,IP_MDCR_PYMT_PER_USER,IP_MDCR_STDZD_PYMT_AMT,IP_MDCR_STDZD_PYMT_PCT,IP_MDCR_STDZD_PYMT_PC,IP_MDCR_STDZD_PYMT_PER_USER,BENES_IP_CVRD_STAY_CNT,BENES_IP_PCT,IP_CVRD_STAYS_PER_1000_BENES,IP_CVRD_DAYS_PER_1000_BENES,ACUTE_HOSP_READMSN_CNT,ACUTE_HOSP_READMSN_PCT,BENES_ER_VISITS_CNT,ER_VISITS_PER_1000_BENES,BENES_ER_VISITS_PCT,OP_MDCR_PYMT_AMT,OP_MDCR_PYMT_PCT,OP_MDCR_PYMT_PC,OP_MDCR_PYMT_PER_USER,OP_MDCR_STDZD_PYMT_AMT,OP_MDCR_STDZD_PYMT_PCT,OP_MDCR_STDZD_PYMT_PC,OP_MDCR_STDZD_PYMT_PER_USER,BENES_OP_CNT,BENES_OP_PCT,OP_VISITS_PER_1000_BENES,ASC_MDCR_PYMT_AMT,ASC_MDCR_PYMT_PCT,ASC_MDCR_PYMT_PC,ASC_MDCR_PYMT_PER_USER,ASC_MDCR_STDZD_PYMT_AMT,ASC_MDCR_STDZD_PYMT_PCT,ASC_MDCR_STDZD_PYMT_PC,ASC_MDCR_STDZD_PYMT_PER_USER,BENES_ASC_CNT,BENES_ASC_PCT,ASC_EVNTS_PER_1000_BENES,SNF_MDCR_PYMT_AMT,SNF_MDCR_PYMT_PCT,SNF_MDCR_PYMT_PC,SNF_MDCR_PYMT_PER_USER,SNF_MDCR_STDZD_PYMT_AMT,SNF_MDCR_STDZD_PYMT_PCT,SNF_MDCR_STDZD_PYMT_PC,SNF_MDCR_STDZD_PYMT_PER_USER,BENES_SNF_CNT,BENES_SNF_PCT,SNF_CVRD_STAYS_PER_1000_BENES,SNF_CVRD_DAYS_PER_1000_BENES,IRF_MDCR_PYMT_AMT,IRF_MDCR_PYMT_PCT,IRF_MDCR_PYMT_PC,IRF_MDCR_PYMT_PER_USER,IRF_MDCR_STDZD_PYMT_AMT,IRF_MDCR_STDZD_PYMT_PCT,IRF_MDCR_STDZD_PYMT_PC,IRF_MDCR_STDZD_PYMT_PER_USER,BENES_IRF_CNT,BENES_IRF_PCT,IRF_CVRD_STAYS_PER_1000_BENES,IRF_CVRD_DAYS_PER_1000_BENES,LTCH_MDCR_PYMT_AMT,LTCH_MDCR_PYMT_PCT,LTCH_MDCR_PYMT_PC,LTCH_MDCR_PYMT_PER_USER,LTCH_MDCR_STDZD_PYMT_AMT,LTCH_MDCR_STDZD_PYMT_PCT,LTCH_MDCR_STDZD_PYMT_PC,LTCH_MDCR_STDZD_PYMT_PER_USER,BENES_LTCH_CNT,BENES_LTCH_PCT,LTCH_CVRD_STAYS_PER_1000_BENES,LTCH_CVRD_DAYS_PER_1000_BENES,HH_MDCR_PYMT_AMT,HH_MDCR_PYMT_PCT,HH_MDCR_PYMT_PC,HH_MDCR_PYMT_PER_USER,HH_MDCR_STDZD_PYMT_AMT,HH_MDCR_STDZD_PYMT_PCT,HH_MDCR_STDZD_PYMT_PC,HH_MDCR_STDZD_PYMT_PER_USER,BENES_HH_CNT,BENES_HH_PCT,HH_EPISODES_PER_1000_BENES,HH_VISITS_PER_1000_BENES,HOSPC_MDCR_PYMT_AMT,HOSPC_MDCR_PYMT_PCT,HOSPC_MDCR_PYMT_PC,HOSPC_MDCR_PYMT_PER_USER,HOSPC_MDCR_STDZD_PYMT_AMT,HOSPC_MDCR_STDZD_PYMT_PCT,HOSPC_MDCR_STDZD_PYMT_PC,HOSPC_MDCR_STDZD_PYMT_PER_USER,BENES_HOSPC_CNT,BENES_HOSPC_PCT,HOSPC_CVRD_STAYS_PER_1000_BENES,HOSPC_CVRD_DAYS_PER_1000_BENES,EM_MDCR_PYMT_AMT,EM_MDCR_PYMT_PCT,EM_MDCR_PYMT_PC,EM_MDCR_PYMT_PER_USER,EM_MDCR_STDZD_PYMT_AMT,EM_MDCR_STDZD_PYMT_PCT,EM_MDCR_STDZD_PYMT_PC,EM_MDCR_STDZD_PYMT_PER_USER,BENES_EM_CNT,BENES_EM_PCT,EM_EVNTS_PER_1000_BENES,PRCDRS_MDCR_PYMT_AMT,PRCDRS_MDCR_PYMT_PCT,PRCDRS_MDCR_PYMT_PC,PRCDRS_MDCR_PYMT_PER_USER,PRCDRS_MDCR_STDZD_PYMT_AMT,PRCDRS_MDCR_STDZD_PYMT_PCT,PRCDRS_MDCR_STDZD_PYMT_PC,PRCDRS_MDCR_STDZD_PYMT_PER_USER,BENES_PRCDRS_CNT,BENES_PRCDRS_PCT,PRCDR_EVNTS_PER_1000_BENES,TESTS_MDCR_PYMT_AMT,TESTS_MDCR_PYMT_PCT,TESTS_MDCR_PYMT_PC,TESTS_MDCR_PYMT_PER_USER,TESTS_MDCR_STDZD_PYMT_AMT,TESTS_MDCR_STDZD_PYMT_PCT,TESTS_MDCR_STDZD_PYMT_PC,TESTS_MDCR_STDZD_PYMT_PER_USER,BENES_TESTS_CNT,BENES_TESTS_PCT,TESTS_EVNTS_PER_1000_BENES,IMGNG_MDCR_PYMT_AMT,IMGNG_MDCR_PYMT_PCT,IMGNG_MDCR_PYMT_PC,IMGNG_MDCR_PYMT_PER_USER,IMGNG_MDCR_STDZD_PYMT_AMT,IMGNG_MDCR_STDZD_PYMT_PCT,IMGNG_MDCR_STDZD_PYMT_PC,IMGNG_MDCR_STDZD_PYMT_PER_USER,BENES_IMGNG_CNT,BENES_IMGNG_PCT,IMGNG_EVNTS_PER_1000_BENES,DME_MDCR_PYMT_AMT,DME_MDCR_PYMT_PCT,DME_MDCR_PYMT_PC,DME_MDCR_PYMT_PER_USER,DME_MDCR_STDZD_PYMT_AMT,DME_MDCR_STDZD_PYMT_PCT,DME_MDCR_STDZD_PYMT_PC,DME_MDCR_STDZD_PYMT_PER_USER,BENES_DME_CNT,BENES_DME_PCT,DME_EVNTS_PER_1000_BENES,OP_DLYS_MDCR_PYMT_AMT,OP_DLYS_MDCR_PYMT_PCT,OP_DLYS_MDCR_PYMT_PC,OP_DLYS_MDCR_PYMT_PER_USER,OP_DLYS_MDCR_STDZD_PYMT_AMT,OP_DLYS_MDCR_STDZD_PYMT_PCT,OP_DLYS_MDCR_STDZD_PYMT_PC,OP_DLYS_MDCR_STDZD_PYMT_PER_USER,BENES_OP_DLYS_CNT,BENES_OP_DLYS_PCT,OP_DLYS_VISITS_PER_1000_BENES,FQHC_RHC_MDCR_PYMT_AMT,FQHC_RHC_MDCR_PYMT_PCT,FQHC_RHC_MDCR_PYMT_PC,FQHC_RHC_MDCR_PYMT_PER_USER,FQHC_RHC_MDCR_STDZD_PYMT_AMT,FQHC_RHC_MDCR_STDZD_PYMT_PCT,FQHC_RHC_MDCR_STDZD_PYMT_PC,FQHC_RHC_MDCR_STDZD_PYMT_PU,BENES_FQHC_RHC_CNT,BENES_FQHC_RHC_PCT,FQHC_RHC_VISITS_PER_1000_BENES,AMBLNC_MDCR_PYMT_AMT,AMBLNC_MDCR_PYMT_PCT,AMBLNC_MDCR_PYMT_PC,AMBLNC_MDCR_PYMT_PER_USER,AMBLNC_MDCR_STDZD_PYMT_AMT,AMBLNC_MDCR_STDZD_PYMT_PCT,AMBLNC_MDCR_STDZD_PYMT_PC,AMBLNC_MDCR_STDZD_PYMT_PER_USER,BENES_AMBLNC_CNT,BENES_AMBLNC_PCT,AMBLNC_EVNTS_PER_1000_BENES,TRTMNTS_MDCR_PYMT_AMT,TRTMNTS_MDCR_PYMT_PCT,TRTMNTS_MDCR_PYMT_PC,TRTMNTS_MDCR_PYMT_PER_USER,TRTMNTS_MDCR_STDZD_PYMT_AMT,TRTMNTS_MDCR_STDZD_PYMT_PCT,TRTMNTS_MDCR_STDZD_PYMT_PC,TRTMNTS_MDCR_STDZD_PYMT_PER_USER,BENES_TRTMNTS_CNT,BENES_TRTMNTS_PCT,TRTMNTS_EVNTS_PER_1000_BENES,PTB_OTHR_SRVCS_MDCR_PYMT_AMT,PTB_OTHR_SRVCS_MDCR_STDZD_PYMT,TOT_PBPMT_RDCTN_AMT,TOT_PBPMT_RDCTN_PCC,PQI03_DBTS_AGE_LT_65,PQI03_DBTS_AGE_65_74,PQI03_DBTS_AGE_GE_75,PQI05_COPD_ASTHMA_AGE_40_64,PQI05_COPD_ASTHMA_AGE_65_74,PQI05_COPD_ASTHMA_AGE_GE_75,PQI07_HYPRTNSN_AGE_LT_65,PQI07_HYPRTNSN_AGE_65_74,PQI07_HYPRTNSN_AGE_GE_75,PQI08_CHF_AGE_LT_65,PQI08_CHF_AGE_65_74,PQI08_CHF_AGE_GE_75,PQI11_BCTRL_PNA_AGE_LT_65,PQI11_BCTRL_PNA_AGE_65_74,PQI11_BCTRL_PNA_AGE_GE_75,PQI12_UTI_AGE_LT_65,PQI12_UTI_AGE_65_74,PQI12_UTI_AGE_GE_75,PQI15_ASTHMA_AGE_LT_40,PQI16_LWRXTRMTY_AMPUTN_AGE_LT_65,PQI16_LWRXTRMTY_AMPUTN_AGE_65_74,PQI16_LWRXTRMTY_AMPUTN_AGE_GE_75,<65,>=65,All
2014,48.0,3703369,3240783,2235761,1005022,0.3101,71,0.5485,0.4515,0.6908,0.098,0.179,0.0322,0.2105,1.06,24238205324.62,24190005907.35,10841.14,10819.58,6984037819.08,0.2881,3123.79,17605.34,6082188134.45,0.2514,2720.41,15331.96,396700,0.1774,287.0164,1557.8937,104554,0.1773,1501618,671.6362,0.3147,2507261527.6,0.1034,1121.44,1929.2,2585095743.96,0.1069,1156.25,1989.08,1299641,0.5813,3222.0148,201085473.06,0.0083,89.94,876.23,210227911.48,0.0087,94.03,916.07,229489,0.1026,153.3236,1733461302.44,0.0715,775.33,16548.56,1926516098.8,0.0796,861.68,18391.56,104750,0.0469,65.0678,1980.9465,867032011.07,0.0358,387.8,19703.48,892107384.53,0.0369,399.02,20273.32,44004,0.0197,22.3834,275.3094,949877188.52,0.0392,424.86,41311.58,1001848457.53,0.0414,448.1,43571.89,22993,0.0103,11.9601,307.9667,2211433559.59,0.0912,989.12,7471.84,2423562828.57,0.1002,1084.0,8188.57,295969,0.1324,397.2625,6706.5339,938232679.78,0.0387,419.65,12860.25,994488490.4,0.0411,444.81,13631.3462,72956,0.0326,34.5636,2739.6542,2172972888.85,0.0897,971.92,1093.8,2269342094.33,0.0938,1015.02,1142.3,1986636,0.8886,14247.4052,1108758336.95,0.0457,495.92,892.44,1136176398.31,0.047,508.18,914.51,1242394,0.5557,2525.816,710748499.33,0.0293,317.9,402.2,680255825.46,0.0281,304.26,384.94,1767167,0.7904,6664.0321,571964748.74,0.0236,255.83,353.98,597303143.95,0.0247,267.16,369.66,1615797,0.7227,4416.6572,450083415.94,0.0186,201.31,770.03,505210011.29,0.0209,225.97,864.35,584499,0.2614,1833.4424,858736284.34,0.0354,384.09,23023.04,891914993.99,0.0369,398.93,23912.57,37299,0.0167,2221.9768,79957185.94,0.0033,35.76,386.01,91328764.66,0.0038,40.85,440.9,207140,0.0926,392.881,329739533.02,0.0136,147.48,1079.61,343497630.77,0.0142,153.64,1124.65,305425,0.1366,430.9222,1216565039.38,0.0502,544.14,965.03,1203222603.4,0.0497,538.17,954.45,1260647,0.5639,2785.537,346257830.98,355719391.47,0.0,0.0,1048,246,263,1404,792,1187,171,96,213,1315,787,2123,677,540,1510,465,335,1352,227,239,69,65,0,0,1
2014,48.0,602452,511178,366451,144727,0.2831,51,0.4773,0.5227,0.4881,0.2203,0.2669,0.0248,0.4948,1.37,4872606731.0,4814161107.18,13296.75,13137.26,1615737333.26,0.3316,4409.15,22211.89,1404024909.09,0.2916,3831.41,19301.43,72742,0.1985,380.9268,2347.6781,28342,0.2293,443990,1211.5945,0.4197,519911290.82,0.1067,1418.77,2293.73,536930685.26,0.1115,1465.22,2368.82,226666,0.6185,4272.4048,21787818.78,0.0045,59.46,934.7,23465259.62,0.0049,64.03,1006.66,23310,0.0636,101.1349,160085681.6,0.0329,436.85,16058.35,176878782.25,0.0367,482.68,17742.88,9969,0.0272,40.7258,1152.869,104402328.28,0.0214,284.9,20893.0,108506978.65,0.0225,296.1,21714.42,4997,0.0136,15.8111,194.9838,245576701.11,0.0504,670.15,45637.74,260463241.56,0.0541,710.77,48404.24,5381,0.0147,17.765,488.7802,353093902.94,0.0725,963.55,7752.47,384402017.82,0.0798,1048.99,8439.86,45546,0.1243,404.7881,6119.9396,50455002.58,0.0104,137.69,11420.33,54445452.55,0.0113,148.57,12323.552,4418,0.0121,13.4288,886.1676,402651429.74,0.0826,1098.79,1297.35,423923348.97,0.0881,1156.84,1365.89,310364,0.8469,16048.8851,179828879.71,0.0369,490.73,1107.1,186465708.88,0.0387,508.84,1147.96,162432,0.4433,2193.5347,138094781.41,0.0283,376.84,531.02,130740541.18,0.0272,356.77,502.74,260055,0.7097,6139.4538,80128367.05,0.0164,218.66,340.95,84564824.94,0.0176,230.77,359.83,235016,0.6413,4249.9243,120637488.03,0.0248,329.2,1221.26,131213840.72,0.0273,358.07,1328.33,98781,0.2696,2103.4217,515811559.83,0.1059,1407.59,23999.05,535489699.14,0.1112,1461.29,24914.61,21493,0.0587,8128.6666,18544633.67,0.0038,50.61,390.42,20991598.07,0.0044,57.28,441.94,47499,0.1296,549.2194,81439841.09,0.0167,222.24,1438.54,85638510.33,0.0178,233.7,1512.7,56613,0.1545,682.143,217221558.12,0.0446,592.77,1351.9,217497479.37,0.0452,593.52,1353.61,160679,0.4385,3024.9665,47198132.97,48518228.78,0.0,0.0,1048,0,0,1404,0,0,171,0,0,1315,0,0,677,0,0,465,0,0,227,239,0,0,1,0,0
2014,48.0,3100917,2729605,1869310,860295,0.3152,75,0.5625,0.4375,0.7306,0.0741,0.1618,0.0336,0.1548,0.99,19365598593.63,19375844800.16,10359.76,10365.24,5368300485.82,0.2772,2871.81,16570.98,4678163225.35,0.2414,2502.61,14440.65,323958,0.1733,268.6066,1403.068,76212,0.1635,1057628,565.7852,0.2941,1987350236.78,0.1026,1063.15,1852.19,2048165058.7,0.1057,1095.68,1908.87,1072975,0.574,3016.1011,179297654.28,0.0093,95.92,869.62,186762651.86,0.0096,99.91,905.83,206179,0.1103,163.5545,1573375620.84,0.0812,841.69,16600.12,1749637316.55,0.0903,935.98,18459.79,94781,0.0507,69.8397,2143.279,762629682.79,0.0394,407.97,19551.1,783600405.88,0.0404,419.19,20088.71,39007,0.0209,23.6718,291.0561,704300487.41,0.0364,376.77,39989.81,741385215.97,0.0383,396.61,42095.46,17612,0.0094,10.8222,272.5209,1858339656.65,0.096,994.13,7420.8,2039160810.75,0.1052,1090.86,8142.87,250423,0.134,395.7872,6821.5272,887777677.2,0.0458,474.92,12953.07,940043037.85,0.0485,502.88,13715.6473,68538,0.0367,38.7068,3103.0032,1770321459.11,0.0914,947.05,1056.11,1845418745.36,0.0952,987.22,1100.91,1676272,0.8967,13894.2514,928929457.24,0.048,496.94,860.15,949710689.43,0.049,508.05,879.39,1079962,0.5777,2590.955,572653717.91,0.0296,306.34,379.97,549515284.28,0.0284,293.97,364.61,1507112,0.8062,6766.868,491836381.69,0.0254,263.11,356.2,512738319.01,0.0265,274.29,371.34,1380781,0.7387,4449.3428,329445927.91,0.017,176.24,678.27,373996170.57,0.0193,200.07,769.99,485718,0.2598,1780.5169,342924724.51,0.0177,183.45,21695.86,356425294.85,0.0184,190.67,22550.0,15806,0.0085,1064.0563,61412552.27,0.0032,32.85,384.69,70337166.58,0.0036,37.63,440.6,159641,0.0854,362.2331,248299691.94,0.0128,132.83,997.94,257859120.44,0.0133,137.94,1036.36,248812,0.1331,381.674,999343481.26,0.0516,534.61,908.52,985725124.03,0.0509,527.32,896.14,1099968,0.5884,2738.6003,299059698.01,307201162.69,0.0,0.0,0,246,263,0,792,1187,0,96,213,0,787,2123,0,540,1510,0,335,1352,0,0,69,65,0,1,0
2015,48.0,3829645,3298699,2190152,1108547,0.3361,71,0.5463,0.4537,0.7026,0.0946,0.1699,0.0329,0.1843,1.05,23993315256.9,24261686796.75,10955.09,11077.63,6798611448.61,0.2834,3104.17,17693.66,6010258409.66,0.2477,2744.22,15641.94,384240,0.1754,282.9753,1527.2757,101072,0.1771,1484143,677.6438,0.3181,2597294333.71,0.1083,1185.9,1998.03,2705127736.88,0.1115,1235.13,2080.99,1299926,0.5935,3471.4385,207266443.44,0.0086,94.64,913.1,218795186.0,0.009,99.9,963.89,226993,0.1036,156.3042,1696507563.43,0.0707,774.61,16608.82,1902926114.46,0.0784,868.86,18629.66,102145,0.0466,64.8261,1929.6423,918335845.37,0.0383,419.3,20260.24,953056370.93,0.0393,435.16,21026.24,45327,0.0207,23.6901,288.6443,896057670.26,0.0373,409.13,42386.83,955371446.77,0.0394,436.21,45192.59,21140,0.0097,11.1832,289.8214,2106256942.94,0.0878,961.69,7400.66,2330561620.54,0.0961,1064.11,8188.79,284604,0.1299,385.113,6537.2837,934161043.35,0.0389,426.53,12861.92,1000464602.44,0.0412,456.8,13774.8121,72630,0.0332,34.9875,2768.8699,2160824924.53,0.0901,986.61,1110.51,2284176449.89,0.0941,1042.93,1173.91,1945789,0.8884,14253.4482,1099193617.38,0.0458,501.88,897.61,1138793762.23,0.0469,519.96,929.95,1224580,0.5591,2564.0125,711043384.85,0.0296,324.65,410.19,713982441.44,0.0294,326.0,411.89,1733439,0.7915,6743.4352,549631531.05,0.0229,250.96,346.28,574708566.65,0.0237,262.41,362.08,1587261,0.7247,4401.6141,452044247.36,0.0188,206.4,800.11,513469578.7,0.0212,234.44,908.83,564978,0.258,1759.7596,794445746.16,0.0331,362.74,22337.23,834632561.04,0.0344,381.08,23467.15,35566,0.0162,2124.7726,86138876.63,0.0036,39.33,425.88,99002057.15,0.0041,45.2,489.47,202263,0.0924,396.5579,328225952.12,0.0137,149.86,1099.45,340469611.86,0.014,155.45,1140.46,298537,0.1363,420.9155,1330174896.72,0.0554,607.34,1077.24,1348050494.29,0.0556,615.51,1091.72,1234794,0.5638,2893.8727,327100788.97,337839785.83,0.0,0.0,986,213,229,1282,715,1103,172,93,202,1332,780,2108,681,506,1497,412,314,1286,186,264,67,61,0,0,1
2015,48.0,606476,498882,340325,158557,0.3178,51,0.4754,0.5246,0.4975,0.2153,0.2616,0.0256,0.4717,1.37,4558518026.56,4572495321.77,13394.6,13435.67,1488695144.88,0.3266,4374.33,22290.86,1315011712.74,0.2876,3863.99,19690.23,66785,0.1962,377.307,2318.5073,26444,0.2322,412846,1213.0934,0.4211,505478436.69,0.1109,1485.28,2367.18,528131848.9,0.1155,1551.85,2473.27,213536,0.6274,4535.4499,22089860.4,0.0048,64.91,1016.98,24045947.89,0.0053,70.66,1107.04,21721,0.0638,104.1945,150288488.78,0.033,441.6,16044.46,168126786.85,0.0368,494.02,17948.84,9367,0.0275,41.3634,1139.9544,105610795.2,0.0232,310.32,21637.12,110822132.62,0.0242,325.64,22704.8,4881,0.0143,16.781,202.1773,229004408.81,0.0502,672.9,47197.94,245878832.88,0.0538,722.48,50675.77,4852,0.0143,17.4715,486.5173,313378646.18,0.0687,920.82,7527.71,345471650.22,0.0756,1015.12,8298.62,41630,0.1223,395.3133,5912.1369,47764901.34,0.0105,140.35,11310.66,51986926.12,0.0114,152.76,12310.4253,4223,0.0124,13.5841,895.9612,377774286.11,0.0829,1110.04,1313.63,403717115.17,0.0883,1186.27,1403.84,287581,0.845,16048.7887,168440458.85,0.037,494.94,1116.82,176612930.39,0.0386,518.95,1171.01,150821,0.4432,2216.5783,136056475.0,0.0298,399.78,563.91,137598647.66,0.0301,404.32,570.3,241273,0.7089,6184.8321,70256012.67,0.0154,206.44,323.07,74436156.3,0.0163,218.72,342.29,217466,0.639,4210.4635,115987299.81,0.0254,340.81,1284.11,127209124.35,0.0278,373.79,1408.35,90325,0.2654,2038.4515,468745751.66,0.1028,1377.35,23170.82,492229543.93,0.1077,1446.35,24331.66,20230,0.0594,8076.9265,19998139.5,0.0044,58.76,443.28,22722047.53,0.005,66.77,503.66,45114,0.1326,572.8612,78350893.06,0.0172,230.22,1496.33,82245070.09,0.018,241.67,1570.7,52362,0.1539,671.276,218209669.66,0.0479,641.18,1489.22,222321630.53,0.0486,653.26,1517.28,146526,0.4305,3092.5351,42388357.96,43927217.6,0.0,0.0,986,0,0,1282,0,0,172,0,0,1332,0,0,681,0,0,412,0,0,186,264,0,0,1,0,0
2015,48.0,3223169,2799817,1849827,949990,0.3393,75,0.5593,0.4407,0.7404,0.0724,0.153,0.0343,0.1315,0.99,19434797230.34,19689191474.98,10506.28,10643.8,5309916303.72,0.2732,2870.49,16726.52,4695246696.92,0.2385,2538.21,14790.27,317455,0.1716,265.6205,1381.7076,74628,0.1633,1071297,579.1336,0.2992,2091815897.02,0.1076,1130.82,1925.47,2176995887.98,0.1106,1176.86,2003.88,1086390,0.5873,3275.6852,185176583.04,0.0095,100.1,902.1,194749238.11,0.0099,105.28,948.74,205272,0.111,165.8912,1546219074.65,0.0796,835.87,16665.79,1734799327.61,0.0881,937.82,18698.39,92778,0.0502,69.1427,2074.9264,812725050.17,0.0418,439.35,20094.08,842234238.31,0.0428,455.3,20823.67,40446,0.0219,24.9613,304.5523,667053261.45,0.0343,360.6,40953.66,709492613.89,0.036,383.55,43559.22,16288,0.0088,10.0263,253.634,1792878296.76,0.0923,969.21,7378.89,1985089970.32,0.1008,1073.12,8169.97,242974,0.1313,383.2364,6652.2961,886396142.01,0.0456,479.18,12957.68,948477676.32,0.0482,512.74,13865.2137,68407,0.037,38.9253,3113.4414,1783050638.42,0.0917,963.9,1075.29,1880459334.72,0.0955,1016.56,1134.03,1658208,0.8964,13923.1474,930753158.53,0.0479,503.16,866.82,962180831.84,0.0489,520.15,896.09,1073759,0.5805,2627.9322,574986909.85,0.0296,310.83,385.34,576383793.78,0.0293,311.59,386.27,1492166,0.8067,6846.2051,479375518.39,0.0247,259.15,349.96,500272410.35,0.0254,270.44,365.22,1369795,0.7405,4436.7814,336056947.55,0.0173,181.67,708.01,386260454.35,0.0196,208.81,813.77,474653,0.2566,1708.4868,325699994.5,0.0168,176.07,21237.61,342403017.11,0.0174,185.1,22326.75,15336,0.0083,1029.7152,66140737.13,0.0034,35.76,420.88,76280009.62,0.0039,41.24,485.4,157149,0.085,364.1222,249875059.06,0.0129,135.08,1015.03,258224541.77,0.0131,139.59,1048.95,246175,0.1331,374.8551,1111965227.06,0.0572,601.12,1021.78,1125728863.76,0.0572,608.56,1034.42,1088268,0.5883,2857.3234,284712431.02,293912568.22,0.0,0.0,0,213,229,0,715,1103,0,93,202,0,780,2108,0,506,1497,0,314,1286,0,0,67,61,0,1,0
2016,48.0,3950816,3452456,2222439,1230017,0.3563,72,0.5463,0.4537,0.6985,0.0939,0.1713,0.0362,0.1837,1.05,24627407828.36,24923359375.37,11081.25,11214.42,6991514735.72,0.2839,3145.87,18059.58,6271614668.35,0.2516,2821.95,16200.03,387136,0.1742,281.2203,1486.5038,102721,0.1782,1527519,687.3165,0.3197,2777975732.83,0.1128,1249.97,2083.12,2866418623.7,0.115,1289.76,2149.44,1333568,0.6,3607.7575,238442515.18,0.0097,107.29,1007.42,251309523.66,0.0101,113.08,1061.78,236687,0.1065,164.2677,1667113626.97,0.0677,750.13,16742.96,1870019971.71,0.075,841.43,18780.77,99571,0.0448,62.2352,1820.2816,993067791.36,0.0403,446.84,20849.19,1037181096.54,0.0416,466.69,21775.34,47631,0.0214,24.6229,301.489,804303962.18,0.0327,361.9,38241.92,854007689.13,0.0343,384.27,40605.16,21032,0.0095,11.0064,263.308,2081708471.34,0.0845,936.68,7306.24,2303246463.71,0.0924,1036.36,8083.78,284922,0.1282,372.0584,6339.5292,962253952.03,0.0391,432.97,13172.36,1038834728.96,0.0417,467.43,14220.6777,73051,0.0329,34.8203,2860.299,2233568303.55,0.0907,1005.01,1129.81,2337593275.53,0.0938,1051.81,1182.43,1976943,0.8895,14554.1056,1138952481.24,0.0462,512.48,909.19,1189376349.31,0.0477,535.17,949.44,1252708,0.5637,2630.7494,674848639.49,0.0274,303.65,382.79,688183582.83,0.0276,309.65,390.36,1762957,0.7933,6745.0216,567575943.76,0.023,255.38,351.03,594659901.29,0.0239,267.57,367.78,1616897,0.7275,4444.162,441284835.03,0.0179,198.56,775.18,452210835.79,0.0181,203.48,794.37,569268,0.2561,1732.7477,832701860.59,0.0338,374.68,22462.35,875708116.76,0.0351,394.03,23622.46,37071,0.0167,2200.7884,89510277.1,0.0036,40.28,434.45,102569350.83,0.0041,46.15,497.83,206033,0.0927,392.5719,341733879.32,0.0139,153.77,1115.96,344819730.28,0.0138,155.15,1126.03,306225,0.1378,432.2193,1442965664.12,0.0586,649.27,1148.89,1480081336.54,0.0594,665.97,1178.44,1255968,0.5651,2937.7324,347885156.55,365524130.44,0.0,0.0,910,178,143,1174,615,987,200,95,211,1420,796,2141,579,410,1217,408,304,1274,151,332,81,68,0,0,1
2016,48.0,603849,509178,331622,177556,0.3487,51,0.4773,0.5227,0.4906,0.2164,0.2648,0.0282,0.4826,1.41,4582414137.89,4610601624.78,13818.18,13903.18,1524152508.43,0.3326,4596.05,23177.15,1367223153.21,0.2965,4122.84,20790.79,65761,0.1983,385.7796,2346.1592,27251,0.2387,416527,1256.0295,0.4254,515566753.56,0.1125,1554.68,2455.9,544309726.23,0.1181,1641.36,2592.82,209930,0.633,4687.4966,26836697.97,0.0059,80.93,1239.06,28887042.39,0.0063,87.11,1333.72,21659,0.0653,111.3527,154273729.72,0.0337,465.21,16602.86,172424480.83,0.0374,519.94,18556.23,9292,0.028,42.5726,1174.5119,113048685.32,0.0247,340.9,22416.95,119223731.32,0.0259,359.52,23641.43,5043,0.0152,17.8607,218.3782,205609243.49,0.0449,620.01,42498.81,218868810.63,0.0475,659.99,45239.52,4838,0.0146,17.8426,455.1719,291049743.61,0.0635,877.66,7378.62,321415786.56,0.0697,969.22,8148.45,39445,0.1189,376.2597,5670.8361,49775508.89,0.0109,150.1,11893.79,54400165.88,0.0118,164.04,12998.8449,4185,0.0126,13.7627,959.7071,381733808.87,0.0833,1151.11,1359.13,402264253.78,0.0872,1213.02,1432.23,280866,0.8469,16658.1952,168758943.55,0.0368,508.89,1140.59,177791887.16,0.0386,536.13,1201.65,147957,0.4462,2282.8522,110055096.43,0.024,331.87,467.69,114502869.35,0.0248,345.28,486.59,235315,0.7096,6063.304,70196051.48,0.0153,211.67,330.35,74122146.81,0.0161,223.51,348.82,212492,0.6408,4307.3017,112829359.44,0.0246,340.23,1291.23,114145363.14,0.0248,344.2,1306.29,87381,0.2635,2004.4569,492675020.17,0.1075,1485.65,23594.42,518162608.8,0.1124,1562.51,24815.03,20881,0.063,8587.6661,19873465.26,0.0043,59.93,451.33,22514430.57,0.0049,67.89,511.31,44033,0.1328,565.6108,80635661.13,0.0176,243.16,1531.51,82495307.01,0.0179,248.76,1566.83,52651,0.1588,716.7136,221082048.42,0.0482,666.67,1542.47,231423418.27,0.0502,697.85,1614.62,143330,0.4322,3143.6636,44261812.13,46426442.84,0.0,0.0,910,0,0,1174,0,0,200,0,0,1420,0,0,579,0,0,408,0,0,151,332,0,0,1,0,0
2016,48.0,3346967,2943278,1890817,1052461,0.3576,75,0.5585,0.4415,0.735,0.0725,0.155,0.0376,0.1313,0.99,20044993690.46,20312757750.59,10601.23,10742.85,5467362227.29,0.2728,2891.53,17012.41,4904391515.14,0.2414,2593.79,15260.65,321375,0.17,262.8821,1335.7326,75470,0.1633,1110992,587.5725,0.3011,2262408979.26,0.1129,1196.52,2013.47,2322108897.46,0.1143,1228.1,2066.6,1123638,0.5943,3418.3869,211605817.21,0.0106,111.91,984.08,222422481.27,0.0109,117.63,1034.39,215028,0.1137,173.5483,1512839897.24,0.0755,800.1,16757.38,1697595490.88,0.0836,897.81,18803.88,90279,0.0477,65.6838,1933.5403,880019106.04,0.0439,465.42,20663.55,917957365.22,0.0452,485.48,21554.37,42588,0.0225,25.8089,316.0655,598694718.69,0.0299,316.63,36970.16,635138878.5,0.0313,335.91,39220.63,16194,0.0086,9.8074,229.6579,1790658727.73,0.0893,947.03,7294.61,1981830677.16,0.0976,1048.13,8073.39,245477,0.1298,371.3215,6456.8084,912478443.14,0.0455,482.58,13250.06,984434563.08,0.0485,520.64,14294.9287,68866,0.0364,38.5135,3193.6353,1851834494.68,0.0924,979.38,1091.83,1935329021.75,0.0953,1023.54,1141.06,1696077,0.897,14185.0787,970193537.69,0.0484,513.11,878.2,1011584462.15,0.0498,535.0,915.67,1104751,0.5843,2691.7655,564793543.05,0.0282,298.7,369.72,573680713.48,0.0282,303.4,375.53,1527642,0.8079,6864.585,497379892.27,0.0248,263.05,354.16,520537754.48,0.0256,275.3,370.65,1404405,0.7428,4468.1653,328455475.58,0.0164,173.71,681.6,338065472.64,0.0166,178.79,701.55,481887,0.2549,1685.0938,340026840.42,0.017,179.83,21002.28,357545507.96,0.0176,189.1,22084.34,16190,0.0086,1080.6223,69636811.84,0.0035,36.83,429.86,80054920.26,0.0039,42.34,494.17,162000,0.0857,362.2233,261098218.19,0.013,138.09,1029.67,262324423.27,0.0129,138.74,1034.51,253574,0.1341,382.3231,1221883615.7,0.061,646.22,1098.19,1248657918.27,0.0615,660.38,1122.25,1112638,0.5884,2901.615,303623344.42,319097687.6,0.0,0.0,0,178,143,0,615,987,0,95,211,0,796,2141,0,410,1217,0,304,1274,0,0,81,68,0,1,0
2017,48.0,4076427,3545023,2205833,1339190,0.3778,72,0.5451,0.4549,0.7048,0.092,0.1635,0.0397,0.1764,1.04,24678330916.91,24903798140.24,11187.76,11289.97,7042071744.66,0.2854,3192.48,18356.65,6312397924.04,0.2535,2861.68,16454.61,383625,0.1739,281.3073,1443.8069,104207,0.1809,1534067,695.4593,0.3227,2877978041.18,0.1166,1304.71,2173.8,2979724997.19,0.1196,1350.84,2250.65,1323939,0.6002,3620.8176,265296743.99,0.0108,120.27,1113.65,277474644.02,0.0111,125.79,1164.77,238222,0.108,167.9742,1664941851.07,0.0675,754.79,16865.98,1864941387.3,0.0749,845.46,18891.99,98716,0.0448,62.526,1777.2959,1013978796.68,0.0411,459.68,21586.88,1059130114.98,0.0425,480.15,22548.12,46972,0.0213,24.5676,299.1568,629414341.35,0.0255,285.34,34272.49,671313382.84,0.027,304.34,36553.95,18365,0.0083,9.6644,222.7295,1930193564.76,0.0782,875.04,7106.41,2133355025.29,0.0857,967.14,7854.39,271613,0.1231,342.7073,5846.1216,965743568.03,0.0391,437.81,13219.77,1043740162.69,0.0419,473.17,14287.4374,73053,0.0331,35.1967,2864.4843,2272050743.89,0.0921,1030.02,1158.65,2371811852.67,0.0952,1075.25,1209.53,1960940,0.889,14719.2149,1142559984.24,0.0463,517.97,914.19,1189348027.33,0.0478,539.18,951.63,1249803,0.5666,2716.0678,701575025.55,0.0284,318.05,400.12,713899682.41,0.0287,323.64,407.14,1753431,0.7949,6724.2498,582900047.32,0.0236,264.25,361.25,600521174.45,0.0241,272.24,372.18,1613543,0.7315,4473.5399,433486417.49,0.0176,196.52,794.53,430360458.2,0.0173,195.1,788.8,545589,0.2473,1585.926,832386610.84,0.0337,377.36,22463.54,875837479.73,0.0352,397.06,23636.15,37055,0.0168,2208.1318,98714941.49,0.004,44.75,471.84,113085620.74,0.0045,51.27,540.53,209214,0.0948,412.174,349345976.01,0.0142,158.37,1135.74,349524477.82,0.014,158.45,1136.32,307592,0.1394,439.1325,1504161821.69,0.061,681.9,1184.77,1535156610.96,0.0616,695.95,1209.18,1269580,0.5756,3008.1602,371530696.67,382175117.56,225446.61,0.1,1110,234,215,1361,720,1281,354,112,218,1666,831,2257,413,302,978,407,298,1236,97,358,89,71,0,0,1
2017,48.0,600319,500414,311888,188526,0.3767,51,0.4745,0.5255,0.4989,0.2138,0.2545,0.0328,0.4836,1.44,4350771776.27,4370072762.13,13949.79,14011.67,1442489531.84,0.3315,4625.02,23471.53,1292276878.38,0.2957,4143.4,21027.33,61457,0.197,384.4168,2265.7717,26403,0.2437,392620,1258.8493,0.4248,507662229.8,0.1167,1627.71,2584.42,538649473.77,0.1233,1727.06,2742.17,196432,0.6298,4633.7499,28325916.5,0.0065,90.82,1404.78,30039349.56,0.0069,96.31,1489.75,20164,0.0647,109.6291,150033035.11,0.0345,481.05,16757.85,167948716.33,0.0384,538.49,18758.93,8953,0.0287,43.2719,1178.0703,108490817.07,0.0249,347.85,23246.37,114955077.73,0.0263,368.58,24631.47,4667,0.015,17.7243,214.6059,159245760.76,0.0366,510.59,38963.97,170235700.84,0.039,545.82,41652.97,4087,0.0131,16.1949,400.2591,251469544.25,0.0578,806.28,7213.29,277817264.35,0.0636,890.76,7969.06,34862,0.1118,341.9946,5179.1284,46488604.8,0.0107,149.06,11975.43,51052193.16,0.0117,163.69,13151.0029,3882,0.0124,13.7581,962.1467,363565035.95,0.0836,1165.69,1385.62,382218280.53,0.0875,1225.5,1456.71,262384,0.8413,16706.5742,157436994.05,0.0362,504.79,1140.11,165245614.97,0.0378,529.82,1196.66,138089,0.4428,2372.73,109630536.56,0.0252,351.51,498.35,113423736.58,0.026,363.67,515.59,219988,0.7053,5958.4627,68019849.87,0.0156,218.09,342.76,70491342.34,0.0161,226.01,355.21,198448,0.6363,4254.0624,110108538.77,0.0253,353.04,1387.98,108950900.45,0.0249,349.33,1373.39,79330,0.2544,1855.0377,487876868.85,0.1121,1564.27,23720.19,513572006.48,0.1175,1646.66,24969.47,20568,0.0659,8984.8856,20200143.54,0.0046,64.77,478.38,22862451.35,0.0052,73.3,541.43,42226,0.1354,585.8385,78714372.8,0.0181,252.38,1572.34,79449710.77,0.0182,254.74,1587.03,50062,0.1605,729.6946,216251556.5,0.0497,693.36,1599.36,224794761.6,0.0514,720.75,1662.55,135211,0.4335,3161.2021,44762439.25,46089302.94,13460.12,0.04,1110,0,0,1361,0,0,354,0,0,1666,0,0,413,0,0,407,0,0,97,358,0,0,1,0,0
2017,48.0,3476108,3044609,1893945,1150664,0.3779,75,0.5568,0.4432,0.7387,0.0719,0.1485,0.0408,0.1258,0.97,20327559140.65,20533725378.11,10732.92,10841.77,5599582212.82,0.2755,2956.57,17380.94,5020121045.66,0.2445,2650.62,15582.31,322168,0.1701,264.3276,1308.4488,77804,0.1664,1141447,602.6822,0.3059,2370315811.38,0.1166,1251.52,2102.26,2441075523.42,0.1189,1288.88,2165.02,1127507,0.5953,3454.0116,236970827.49,0.0117,125.12,1086.73,247435294.46,0.0121,130.65,1134.72,218058,0.1151,177.5822,1514908815.96,0.0745,799.87,16876.76,1696992670.97,0.0826,896.01,18905.26,89763,0.0474,65.6967,1875.9742,905487979.61,0.0445,478.1,21403.81,944175037.25,0.046,498.52,22318.28,42305,0.0223,25.6945,313.0804,470168580.59,0.0231,248.25,32929.58,501077682.0,0.0244,264.57,35094.39,14278,0.0075,8.589,193.4945,1678724020.51,0.0826,886.36,7090.67,1855537760.94,0.0904,979.72,7837.51,236751,0.125,342.8246,5955.9597,919254963.23,0.0452,485.37,13289.6,992687969.53,0.0483,524.14,14351.2161,69171,0.0365,38.7271,3177.7544,1908485707.94,0.0939,1007.68,1123.59,1989593572.15,0.0969,1050.5,1171.34,1698556,0.8968,14391.9438,985122990.19,0.0485,520.14,886.13,1024102412.37,0.0499,540.72,921.19,1111714,0.587,2772.6074,591944488.99,0.0291,312.55,386.02,600475945.83,0.0292,317.05,391.59,1533443,0.8097,6850.3568,514880197.45,0.0253,271.86,363.85,530029832.11,0.0258,279.85,374.55,1415095,0.7472,4509.6827,323377878.72,0.0159,170.74,693.56,321409557.75,0.0157,169.7,689.34,466259,0.2462,1541.6097,344509741.99,0.0169,181.9,20895.84,362265473.25,0.0176,191.28,21972.8,16487,0.0087,1092.1605,78514797.95,0.0039,41.46,470.18,90223169.39,0.0044,47.64,540.3,166988,0.0882,383.5756,270631603.2,0.0133,142.89,1050.87,270074767.05,0.0132,142.6,1048.71,257530,0.136,391.2838,1287910265.19,0.0634,680.01,1135.35,1310361849.35,0.0638,691.87,1155.15,1134369,0.5989,2982.9578,326768257.42,336085814.62,211986.49,0.11,0,234,215,0,720,1281,0,112,218,0,831,2257,0,302,978,0,298,1236,0,0,89,71,0,1,0
2018,48.0,4226539,3657524,2152365,1505159,0.4115,72,0.5407,0.4593,0.7013,0.0898,0.1676,0.0413,0.1693,1.04,25060358959.97,25049190513.8,11643.17,11637.98,7133935512.81,0.2847,3314.46,19647.19,6219401996.08,0.2483,2889.57,17128.53,363102,0.1687,273.5159,1400.3875,99992,0.1818,1464541,680.4334,0.3174,3042304453.33,0.1214,1413.47,2373.3,3159851102.6,0.1261,1468.08,2465.0,1281888,0.5956,3666.3098,290809169.64,0.0116,135.11,1211.46,305292276.06,0.0122,141.84,1271.8,240048,0.1115,173.7029,1579793189.56,0.063,733.98,17038.69,1768825804.69,0.0706,821.81,19077.48,92718,0.0431,60.125,1673.5107,1059406148.54,0.0423,492.21,22177.69,1106630121.4,0.0442,514.15,23166.28,47769,0.0222,25.8952,313.2015,573260821.52,0.0229,266.34,35586.37,608917353.72,0.0243,282.91,37799.82,16109,0.0075,8.6533,197.4135,1809851680.48,0.0722,840.87,7071.58,1984259484.44,0.0792,921.9,7753.04,255933,0.1189,318.2151,5488.3391,973704653.81,0.0389,452.39,13479.31,1051388101.68,0.042,488.48,14554.7033,72237,0.0336,35.6589,2929.9998,2281830883.09,0.0911,1060.15,1196.65,2376345470.46,0.0949,1104.06,1246.21,1906854,0.8859,14819.8424,1146777058.56,0.0458,532.8,940.24,1191804484.09,0.0476,553.72,977.16,1219667,0.5667,2758.7946,720731917.43,0.0288,334.86,422.98,725473239.59,0.029,337.06,425.76,1703939,0.7917,6604.8542,585469634.36,0.0234,272.01,372.7,600941846.25,0.024,279.2,382.55,1570897,0.7298,4476.9521,483535363.33,0.0193,224.65,905.21,472105990.72,0.0188,219.34,883.82,534167,0.2482,1605.7579,929313431.48,0.0371,431.76,25055.63,969529770.43,0.0387,450.45,26139.92,37090,0.0172,2291.9844,97184391.74,0.0039,45.15,486.12,110354123.72,0.0044,51.27,552.0,199918,0.0929,399.2817,338807944.41,0.0135,157.41,1132.47,339710810.44,0.0136,157.83,1135.49,299176,0.139,431.3966,1611111192.68,0.0643,748.53,1278.89,1645257501.52,0.0657,764.4,1305.99,1259777,0.5853,3105.0863,402531513.2,413101035.88,7725771.71,3.59,1176,250,233,1021,512,846,377,110,229,1802,865,2314,512,368,1143,349,261,1123,112,399,102,81,0,0,1
2018,48.0,600475,495722,292443,203279,0.4101,51,0.4679,0.5321,0.4874,0.2112,0.2704,0.031,0.4777,1.46,4354399753.03,4317741750.27,14889.74,14764.39,1450881025.43,0.3332,4961.24,25572.49,1251748051.47,0.2899,4280.31,22062.68,56736,0.194,380.5733,2247.2858,25107,0.2477,358526,1225.9688,0.4184,506278282.61,0.1163,1731.2,2785.27,538956658.4,0.1248,1842.95,2965.05,181770,0.6216,4583.6898,34730644.71,0.008,118.76,1705.66,37661020.15,0.0087,128.78,1849.57,20362,0.0696,121.6921,141634118.41,0.0325,484.31,16935.8,158418695.66,0.0367,541.71,18942.81,8363,0.0286,43.9368,1154.8267,114943319.12,0.0264,393.05,24066.86,122513034.87,0.0284,418.93,25651.81,4776,0.0163,19.662,236.2819,145988158.72,0.0335,499.2,40395.17,155740994.61,0.0361,532.55,43093.8,3614,0.0124,14.9362,366.8031,226613136.48,0.052,774.9,7235.18,248498602.28,0.0576,849.73,7933.93,31321,0.1071,319.2793,4936.8561,46680196.92,0.0107,159.62,11853.78,51117715.4,0.0118,174.8,12980.6286,3938,0.0135,14.8508,1017.8736,352026518.28,0.0808,1203.74,1442.02,369860166.5,0.0857,1264.73,1515.08,244120,0.8348,16837.7359,149832754.47,0.0344,512.35,1163.44,157575341.37,0.0365,538.82,1223.56,128784,0.4404,2414.5492,107001599.7,0.0246,365.89,524.11,108638022.78,0.0252,371.48,532.12,204160,0.6981,5853.8416,64711565.15,0.0149,221.28,352.14,66970470.81,0.0155,229.0,364.44,183765,0.6284,4212.6842,116119221.66,0.0267,397.07,1559.71,113615751.13,0.0263,388.51,1526.09,74449,0.2546,1869.2019,553564196.22,0.1271,1892.9,26929.57,577206578.69,0.1337,1973.74,28079.71,20556,0.0703,9694.1797,18988418.14,0.0044,64.93,487.85,21306866.62,0.0049,72.86,547.41,38923,0.1331,566.5583,74801543.43,0.0172,255.78,1593.52,76379138.12,0.0177,261.18,1627.13,46941,0.1605,745.0512,201642214.49,0.0463,689.51,1580.05,212370469.46,0.0492,726.19,1664.11,127618,0.4364,3262.523,47962839.08,49164171.95,463075.45,1.58,1176,0,0,1021,0,0,377,0,0,1802,0,0,512,0,0,349,0,0,112,399,0,0,1,0,0
2018,48.0,3626064,3161802,1859922,1301880,0.4118,75,0.5521,0.4479,0.735,0.0707,0.1515,0.0429,0.1208,0.97,20705959206.93,20731448763.53,11132.7,11146.41,5683054487.38,0.2745,3055.53,18549.89,4967653944.6,0.2396,2670.89,16214.77,306366,0.1647,256.6828,1267.2263,74885,0.1669,1106015,594.6567,0.3015,2536026170.71,0.1225,1363.51,2305.23,2620894444.19,0.1264,1409.14,2382.38,1100118,0.5915,3522.0665,256078524.94,0.0124,137.68,1165.66,267631255.91,0.0129,143.89,1218.24,219686,0.1181,181.8807,1438159071.14,0.0695,773.24,17048.89,1610407109.03,0.0777,865.85,19090.83,84355,0.0454,62.6704,1755.0655,944462829.42,0.0456,507.8,21967.83,984117086.53,0.0475,529.12,22890.17,42993,0.0231,26.8753,325.2959,427272662.8,0.0206,229.73,34195.49,453176359.11,0.0219,243.65,36268.62,12495,0.0067,7.6654,170.7797,1583238544.0,0.0765,851.24,7048.77,1735760882.16,0.0837,933.24,7727.82,224612,0.1208,318.0477,5575.051,927024456.89,0.0448,498.42,13573.03,1000270386.28,0.0482,537.8,14645.4617,68299,0.0367,38.9307,3230.6511,1929804364.81,0.0932,1037.57,1160.62,2006485303.97,0.0968,1078.8,1206.74,1662734,0.894,14502.5609,996944304.09,0.0481,536.01,913.89,1034229142.73,0.0499,556.06,948.07,1090883,0.5865,2812.9217,613730317.73,0.0296,329.98,409.21,616835216.8,0.0298,331.65,411.28,1499779,0.8064,6722.9389,520758069.21,0.0252,279.99,375.42,533971375.44,0.0258,287.09,384.95,1387132,0.7458,4518.504,367416141.67,0.0177,197.54,799.22,358490239.59,0.0173,192.74,779.8,459718,0.2472,1564.3355,375749235.26,0.0181,202.02,22725.85,392323191.74,0.0189,210.94,23728.27,16534,0.0089,1128.1075,78195973.59,0.0038,42.04,485.7,89047257.1,0.0043,47.88,553.11,160995,0.0866,372.9802,264006400.98,0.0128,141.94,1046.67,263331672.32,0.0127,141.58,1043.99,252235,0.1356,382.0795,1409468978.19,0.0681,757.81,1244.94,1432887032.06,0.0691,770.4,1265.62,1132159,0.6087,3080.3319,354568674.12,363936863.94,7262696.26,3.9,0,250,233,0,512,846,0,110,229,0,865,2314,0,368,1143,0,261,1123,0,0,102,81,0,1,0
2019,48.0,4368416,3782694,2147279,1635415,0.4323,72,0.5399,0.4601,0.706,0.0875,0.1632,0.0433,0.1569,1.04,26135587320.47,25647891919.71,12171.49,11944.37,7525588007.47,0.2879,3504.71,21041.59,6297894592.01,0.2456,2932.97,17608.95,357653,0.1666,269.7689,1366.4489,99842,0.1831,1445216,673.0453,0.3139,3215123764.42,0.123,1497.3,2500.09,3279739387.85,0.1279,1527.39,2550.34,1286003,0.5989,3809.341,326317769.41,0.0125,151.97,1303.8,342069095.08,0.0133,159.3,1366.73,250283,0.1166,186.8779,1539005841.71,0.0589,716.72,17236.62,1725639188.63,0.0673,803.64,19326.88,89287,0.0416,57.9962,1575.8907,1119263955.24,0.0428,521.25,23159.26,1161686411.53,0.0453,541.0,24037.05,48329,0.0225,26.514,322.8705,487680897.63,0.0187,227.12,36407.68,518422503.89,0.0202,241.43,38702.69,13395,0.0062,7.1146,164.423,1774397691.05,0.0679,826.35,7177.08,1916932337.31,0.0747,892.73,7753.61,247231,0.1151,300.0695,5176.0195,1040211052.11,0.0398,484.43,14213.64,1118170352.4,0.0436,520.74,15278.8909,73184,0.0341,36.2929,3089.2576,2367224714.44,0.0906,1102.43,1241.85,2426460309.73,0.0946,1130.02,1272.93,1906205,0.8877,15064.2185,1211616715.15,0.0464,564.26,980.37,1239608211.83,0.0483,577.29,1003.02,1235879,0.5756,2864.1145,750498781.75,0.0287,349.51,439.49,753220674.06,0.0294,350.78,441.09,1707645,0.7953,6339.2126,615201924.36,0.0235,286.5,388.64,623398994.54,0.0243,290.32,393.82,1582969,0.7372,4546.6109,506716074.95,0.0194,235.98,952.61,489569613.58,0.0191,228.0,920.37,531926,0.2477,1609.7256,964534964.4,0.0369,449.19,25589.23,1006708102.45,0.0393,468.83,26708.09,37693,0.0176,2341.1923,95131697.64,0.0036,44.3,492.75,106579895.3,0.0042,49.63,552.04,193064,0.0899,382.8818,340199566.27,0.013,158.43,1154.49,344226994.69,0.0134,160.31,1168.16,294675,0.1372,439.5773,1805710623.96,0.0691,840.93,1420.09,1835724105.84,0.0716,854.91,1443.7,1271545,0.5922,3236.0243,451163278.5,461841148.98,19503475.82,9.08,1311,275,253,877,459,755,439,111,232,1954,858,2333,489,331,1038,367,255,1080,109,453,102,81,0,0,1
2019,48.0,592548,489813,270121,219692,0.4485,51,0.4629,0.5371,0.4818,0.2113,0.2734,0.0335,0.4705,1.51,4294201828.73,4162651626.49,15897.33,15410.32,1478000182.49,0.3442,5471.62,28286.0,1209381757.09,0.2905,4477.19,23145.18,52252,0.1934,385.8456,2270.4973,24733,0.2569,334521,1238.4117,0.4161,487999800.33,0.1136,1806.6,2915.0,512160809.95,0.123,1896.04,3059.32,167410,0.6198,4649.5941,39406448.04,0.0092,145.88,1909.13,42350497.93,0.0102,156.78,2051.77,20641,0.0764,139.9965,137966097.85,0.0321,510.76,17813.57,154487941.97,0.0371,571.92,19946.8,7745,0.0287,44.8614,1167.0954,115531751.68,0.0269,427.7,25645.23,121878599.25,0.0293,451.2,27054.07,4505,0.0167,20.5908,246.4858,118930925.26,0.0277,440.29,41657.07,126837489.5,0.0305,469.56,44426.44,2855,0.0106,12.7091,317.3615,204215682.4,0.0476,756.02,7362.04,220792894.93,0.053,817.39,7959.66,27739,0.1027,300.7208,4668.8669,46965864.76,0.0109,173.87,12710.65,50910785.88,0.0122,188.47,13778.2912,3695,0.0137,15.1266,1078.5796,341183555.57,0.0795,1263.08,1512.85,353234164.17,0.0849,1307.69,1566.28,225524,0.8349,17258.3953,145404275.11,0.0339,538.29,1214.33,150969869.04,0.0363,558.9,1260.81,119740,0.4433,2502.945,103037889.42,0.024,381.45,545.79,104442552.05,0.0251,386.65,553.23,188788,0.6989,5719.174,62403855.2,0.0145,231.02,366.89,63841549.53,0.0153,236.34,375.34,170090,0.6297,4271.3636,110179094.75,0.0257,407.89,1658.77,107128241.01,0.0257,396.59,1612.84,66422,0.2459,1855.4907,566500993.91,0.1319,2097.21,27330.23,591172490.96,0.142,2188.55,28520.48,20728,0.0767,10546.9475,17344569.91,0.004,64.21,495.59,19248893.14,0.0046,71.26,550.0,34998,0.1296,547.3103,72087007.98,0.0168,266.87,1659.81,75295569.52,0.0181,278.75,1733.68,43431,0.1608,807.3641,196754812.31,0.0458,728.4,1654.71,206933155.54,0.0497,766.08,1740.31,118906,0.4402,3438.2332,50289021.74,51584365.0,1164204.53,4.31,1311,0,0,877,0,0,439,0,0,1954,0,0,489,0,0,367,0,0,109,453,0,0,1,0,0
2019,48.0,3775868,3292881,1877158,1415723,0.4299,75,0.5509,0.4491,0.7383,0.0697,0.1473,0.0447,0.1117,0.97,21841385491.74,21485240293.22,11635.35,11445.62,6047587824.98,0.2769,3221.67,19802.12,5088512834.91,0.2368,2710.75,16661.74,305401,0.1627,253.0655,1236.3573,75109,0.1673,1110695,591.6897,0.2992,2727123964.09,0.1249,1452.79,2437.99,2767578577.9,0.1288,1474.35,2474.16,1118593,0.5959,3688.4295,286911321.36,0.0131,152.84,1249.39,299718597.14,0.0139,159.67,1305.16,229642,0.1223,193.6241,1401039743.86,0.0641,746.36,17181.82,1571151246.65,0.0731,836.98,19268.0,81542,0.0434,59.8863,1634.7158,1003732203.56,0.046,534.71,22903.71,1039807812.28,0.0484,553.93,23726.9,43824,0.0233,27.3664,333.8621,368749972.37,0.0169,196.44,34985.77,391585014.39,0.0182,208.61,37152.28,10540,0.0056,6.3095,142.4153,1570182008.65,0.0719,836.47,7153.71,1696139442.38,0.0789,903.57,7727.57,219492,0.1169,299.9758,5248.9982,993245187.35,0.0455,529.12,14293.56,1067259566.52,0.0497,568.55,15358.6836,69489,0.037,39.3387,3378.592,2026041158.87,0.0928,1079.31,1205.49,2073226145.57,0.0965,1104.45,1233.56,1680681,0.8953,14748.4788,1066212440.04,0.0488,567.99,955.27,1088638342.79,0.0507,579.94,975.36,1116139,0.5946,2916.0864,647460892.33,0.0296,344.92,426.28,648778122.01,0.0302,345.62,427.15,1518857,0.8091,6428.4354,552798069.16,0.0253,294.49,391.26,559557445.01,0.026,298.09,396.04,1412879,0.7527,4586.2186,396536980.2,0.0182,211.24,851.84,382441372.57,0.0178,203.73,821.56,465504,0.248,1574.3603,398033970.49,0.0182,212.04,23462.07,415535611.49,0.0193,221.36,24493.7,16965,0.009,1160.393,77787127.73,0.0036,41.44,492.12,87331002.15,0.0041,46.52,552.5,158066,0.0842,359.2207,268112558.29,0.0123,142.83,1067.14,268931425.17,0.0125,143.27,1070.4,251244,0.1338,386.6531,1608955811.65,0.0737,857.12,1395.89,1628790950.3,0.0758,867.69,1413.1,1152639,0.614,3206.9266,400874256.77,410256783.98,18339271.3,9.77,0,275,253,0,459,755,0,111,232,0,858,2333,0,331,1038,0,255,1080,0,0,102,81,0,1,0
2020,48.0,4503122,3915674,2105933,1809741,0.4622,72,0.5392,0.4608,0.712,0.0839,0.1587,0.0454,0.1431,1.04,25173028848.03,24261274563.53,11953.39,11520.44,7235974372.71,0.2874,3435.99,23291.96,5836560204.98,0.2406,2771.48,18787.37,310664,0.1475,231.307,1230.3411,82711,0.1831,1145068,543.7343,0.2706,2967155707.57,0.1179,1408.95,2583.02,2979547614.37,0.1228,1414.83,2593.8,1148717,0.5455,3201.7415,310098643.58,0.0123,147.25,1488.66,320529437.61,0.0132,152.2,1538.74,208307,0.0989,155.7823,1728621461.03,0.0687,820.83,19990.77,1909422958.32,0.0787,906.69,22081.66,86471,0.0411,59.5052,1687.216,1120336198.36,0.0445,531.99,25782.71,1145281318.24,0.0472,543.84,26356.78,43453,0.0206,24.5497,310.7136,457991193.38,0.0182,217.48,41567.54,481608833.89,0.0199,228.69,43711.09,11018,0.0052,5.7561,134.4069,1625444980.0,0.0646,771.84,7197.55,1732280790.89,0.0714,822.57,7670.63,225833,0.1072,455.7154,4126.6337,1085727798.08,0.0431,515.56,14218.54,1147967879.67,0.0473,545.11,15033.6286,76360,0.0363,38.345,3211.8325,2146560704.92,0.0853,1019.29,1165.02,2176468506.46,0.0897,1033.49,1181.26,1842505,0.8749,13900.4645,1062553282.32,0.0422,504.55,955.73,1070355049.97,0.0441,508.26,962.75,1111766,0.5279,2459.2549,732066114.32,0.0291,347.62,445.94,722647483.48,0.0298,343.15,440.2,1641643,0.7795,5755.6556,546281691.05,0.0217,259.4,376.42,544920977.23,0.0225,258.76,375.48,1451275,0.6891,3910.5204,530582194.93,0.0211,251.95,1085.41,529465252.41,0.0218,251.42,1083.12,488833,0.2321,1561.9899,946825776.11,0.0376,449.6,25405.86,976391488.72,0.0402,463.64,26199.19,37268,0.0177,2377.9698,80083276.98,0.0032,38.03,440.2,87694514.24,0.0036,41.64,482.04,181923,0.0864,340.9016,323362972.3,0.0128,153.55,1210.36,321953653.64,0.0133,152.88,1205.09,267162,0.1269,426.4642,1860251612.87,0.0739,883.34,1486.84,1862381719.04,0.0768,884.35,1488.54,1251143,0.5941,2953.0987,413110867.48,415796880.36,15642893.1,7.43,1193,232,208,537,246,392,374,91,183,1716,683,1722,354,252,709,239,188,790,67,473,91,77,0,0,1
2020,48.0,581042,486763,245216,241547,0.4962,51,0.4572,0.5428,0.4773,0.2091,0.277,0.0365,0.4596,1.53,4018605642.39,3826560014.63,16388.02,15604.85,1379710492.29,0.3433,5626.51,31643.28,1087759924.16,0.2843,4435.93,24947.48,43602,0.1778,345.9603,2111.7994,20605,0.2629,249674,1018.1799,0.3622,419359383.62,0.1044,1710.16,3035.58,434832319.92,0.1136,1773.26,3147.58,138148,0.5634,3933.3159,36687137.21,0.0091,149.61,2222.52,38912048.17,0.0102,158.68,2357.31,16507,0.0673,123.3525,167881511.74,0.0418,684.63,21791.47,184746355.32,0.0483,753.4,23980.58,7704,0.0314,49.8499,1391.5038,116408661.28,0.029,474.72,29102.17,120504697.39,0.0315,491.42,30126.17,4000,0.0163,20.4269,254.7264,106159980.06,0.0264,432.92,46116.41,112153050.9,0.0293,457.36,48719.83,2302,0.0094,10.7375,270.1822,194629730.45,0.0484,793.71,8277.89,207311485.79,0.0542,845.42,8817.26,23512,0.0959,476.0008,3940.0202,49263930.06,0.0123,200.9,13563.86,52321915.14,0.0137,213.37,14405.8136,3632,0.0148,16.2795,1223.0075,298229994.92,0.0742,1216.19,1497.66,306232268.2,0.08,1248.83,1537.84,199131,0.8121,16549.1077,126869782.05,0.0316,517.38,1279.55,129983073.05,0.034,530.08,1310.95,99152,0.4043,2251.7576,92206696.01,0.0229,376.02,558.57,91845956.11,0.024,374.55,556.39,165075,0.6732,5211.3851,52457313.34,0.0131,213.92,371.81,52933908.01,0.0138,215.87,375.19,141086,0.5754,3780.8585,107773813.82,0.0268,439.51,1899.47,106396138.91,0.0278,433.89,1875.19,56739,0.2314,1831.5689,552123971.28,0.1374,2251.58,27175.47,569346447.44,0.1488,2321.82,28023.16,20317,0.0829,11531.6456,13860273.95,0.0034,56.52,463.09,15027337.69,0.0039,61.28,502.08,29930,0.1221,502.1736,67459693.04,0.0168,275.1,1821.22,69442668.34,0.0181,283.19,1874.75,37041,0.1511,850.2871,192885774.96,0.048,786.6,1817.96,201872538.97,0.0528,823.24,1902.66,106100,0.4327,3289.0391,44637502.31,44937881.1,733174.61,2.99,1193,0,0,537,0,0,374,0,0,1716,0,0,354,0,0,239,0,0,67,473,0,0,1,0,0
2020,48.0,3922080,3428911,1860717,1568194,0.4573,75,0.55,0.45,0.7429,0.0674,0.1431,0.0466,0.1014,0.98,21154423205.63,20434714548.9,11368.96,10982.17,5856263880.42,0.2768,3147.32,21928.48,4748800280.82,0.2324,2552.13,17781.64,267062,0.1435,216.1973,1114.1775,62106,0.1663,895394,481.2091,0.2585,2547796323.94,0.1204,1369.26,2521.15,2544715294.44,0.1245,1367.6,2518.1,1010569,0.5431,3105.3304,273411506.38,0.0129,146.94,1425.5,281617389.44,0.0138,151.35,1468.29,191800,0.1031,160.056,1560739949.29,0.0738,838.78,19814.64,1724676603.0,0.0844,926.89,21895.93,78767,0.0423,60.7776,1726.1867,1003927537.09,0.0475,539.54,25446.16,1024776620.85,0.0501,550.74,25974.62,39453,0.0212,25.093,318.0919,351831213.32,0.0166,189.08,40366.13,369455782.99,0.0181,198.56,42388.23,8716,0.0047,5.0996,116.5137,1430815249.55,0.0676,768.96,7072.01,1524969305.1,0.0746,819.56,7537.38,202321,0.1087,453.042,4151.2267,1036463868.02,0.049,557.02,14251.24,1095645964.53,0.0536,588.83,15064.9814,72728,0.0391,41.2529,3473.9313,1848330710.0,0.0874,993.34,1124.72,1870236238.26,0.0915,1005.12,1138.05,1643374,0.8832,13551.4111,935683500.27,0.0442,502.86,924.03,940371976.92,0.046,505.38,928.66,1012614,0.5442,2486.6001,639859418.3,0.0302,343.88,433.34,630801527.37,0.0309,339.01,427.21,1476568,0.7935,5827.3827,493824377.72,0.0233,265.39,376.91,491987069.22,0.0241,264.41,375.51,1310189,0.7041,3927.608,422808381.11,0.02,227.23,978.51,423069113.5,0.0207,227.37,979.11,432094,0.2322,1526.4632,394701804.83,0.0187,212.12,23284.87,407045041.28,0.0199,218.76,24013.04,16951,0.0091,1171.6457,66223003.04,0.0031,35.59,435.7,72667176.55,0.0036,39.05,478.1,151993,0.0817,319.6483,255903279.26,0.0121,137.53,1112.04,252510985.29,0.0124,135.71,1097.3,230121,0.1237,370.6104,1667365837.91,0.0788,896.09,1456.16,1660509180.07,0.0813,892.4,1450.17,1145043,0.6154,2908.8265,368473365.17,370858999.26,14909718.49,8.01,0,232,208,0,246,392,0,91,183,0,683,1722,0,252,709,0,188,790,0,0,91,77,0,1,0
2021,48.0,4616811,4011816,1990498,2021318,0.5038,72,0.5401,0.4599,0.7224,0.0783,0.1513,0.048,0.1295,1.02,25113771374.75,24032290025.71,12616.83,12073.51,7111174479.71,0.2832,3572.56,24631.2,5709209910.26,0.2376,2868.23,19775.17,288706,0.145,223.957,1248.3323,73555,0.1787,1140027,572.7346,0.2879,3246428694.78,0.1293,1630.96,2760.8,3221753653.07,0.1341,1618.57,2739.81,1175902,0.5908,3711.1371,357867242.24,0.0142,179.79,1541.14,367149549.11,0.0153,184.45,1581.11,232210,0.1167,186.2725,1456959214.6,0.058,731.96,18979.23,1593748082.66,0.0663,800.68,20761.12,76766,0.0386,54.0106,1452.1175,1210224729.08,0.0482,608.0,26679.85,1233495192.28,0.0513,619.69,27192.86,45361,0.0228,26.9862,339.085,393027621.07,0.0156,197.45,43957.9,413154340.77,0.0172,207.56,46208.96,8941,0.0045,4.9003,114.7959,1493635046.64,0.0595,750.38,7052.47,1594133184.53,0.0663,800.87,7526.99,211789,0.1064,464.636,3699.0165,1045454315.39,0.0416,525.22,14428.22,1096710988.09,0.0456,550.97,15135.6076,72459,0.0364,38.7456,3172.0434,2358918124.4,0.0939,1185.09,1342.59,2376693990.67,0.0989,1194.02,1352.71,1756987,0.8827,14529.5398,1091069127.17,0.0434,548.14,979.61,1092588208.66,0.0455,548.9,980.98,1113776,0.5595,2738.1273,800166932.62,0.0319,401.99,501.82,784604565.45,0.0326,394.18,492.06,1594515,0.8011,6211.5742,575952772.04,0.0229,289.35,400.82,570271747.12,0.0237,286.5,396.86,1436953,0.7219,4281.414,587813490.69,0.0234,295.31,1279.18,589627789.91,0.0245,296.22,1283.13,459523,0.2309,1494.7827,650086473.35,0.0259,326.59,23968.09,666052492.79,0.0277,334.62,24556.74,27123,0.0136,1763.8114,87957729.8,0.0035,44.19,496.9,95610782.03,0.004,48.03,540.13,177013,0.0889,352.0792,294507082.57,0.0117,147.96,1149.61,289796208.13,0.0121,145.59,1131.22,256180,0.1287,395.0715,1946021989.81,0.0775,977.66,1398.75,1934559617.03,0.0805,971.9,1390.52,1391254,0.6989,3941.2916,406506308.77,403129723.12,25146919.08,12.63,1004,217,220,409,210,316,291,84,199,1526,653,1792,296,203,596,243,178,746,58,409,92,65,0,0,1
2021,48.0,565671,472112,209693,262419,0.5558,51,0.4511,0.5489,0.4846,0.2017,0.2729,0.0409,0.4615,1.44,3340817945.87,3166207956.16,15931.95,15099.25,1163377667.9,0.3482,5548.0,32972.75,918386402.81,0.2901,4379.67,26029.15,35283,0.1683,314.4406,2044.6462,14848,0.2462,208926,996.3423,0.3644,384532799.63,0.1151,1833.79,3192.34,394249105.82,0.1245,1880.13,3273.0,120455,0.5744,4187.7125,31580871.35,0.0095,150.61,2215.89,33417096.07,0.0106,159.36,2344.73,14252,0.068,121.325,127367602.14,0.0381,607.4,20463.95,139300350.97,0.044,664.31,22381.16,6224,0.0297,45.5809,1218.7388,102629157.09,0.0307,489.43,29842.73,107028598.6,0.0338,510.41,31122.01,3439,0.0164,20.1294,255.4401,80224907.81,0.024,382.58,49157.42,84932460.41,0.0268,405.03,52041.95,1632,0.0078,8.832,221.4809,155215992.66,0.0465,740.21,8314.55,166696180.4,0.0526,794.95,8929.51,18668,0.089,462.0517,3441.7172,42226126.5,0.0126,201.37,13312.15,44742218.7,0.0141,213.37,14105.3653,3172,0.0151,16.6577,1200.4359,275126247.41,0.0824,1312.04,1624.51,281949006.45,0.089,1344.58,1664.79,169360,0.8077,16485.5145,101881071.33,0.0305,485.86,1182.88,103964270.09,0.0328,495.79,1207.06,86130,0.4107,2271.8212,89485926.64,0.0268,426.75,628.11,88544699.31,0.028,422.26,621.5,142469,0.6794,5251.5153,44781759.65,0.0134,213.56,366.78,44996975.54,0.0142,214.59,368.54,122094,0.5823,3790.7036,103852928.26,0.0311,495.26,2231.72,102840104.2,0.0325,490.43,2209.95,46535,0.2219,1744.1593,351293561.95,0.1052,1675.28,25502.25,360134915.78,0.1137,1717.44,26144.1,13775,0.0657,8813.9757,12884517.98,0.0039,61.44,506.81,13887085.67,0.0044,66.23,546.24,25423,0.1212,500.8656,51049863.17,0.0153,243.45,1646.19,51853358.88,0.0164,247.28,1672.1,31011,0.1479,726.4906,180020851.37,0.0539,858.5,1649.84,186077585.5,0.0588,887.38,1705.35,109114,0.5204,3616.2342,43286093.03,43207540.95,1081772.51,5.16,1004,0,0,409,0,0,291,0,0,1526,0,0,296,0,0,243,0,0,58,409,0,0,1,0,0
2021,48.0,4051140,3539704,1780805,1758899,0.4969,75,0.5506,0.4494,0.7504,0.0638,0.137,0.0488,0.0904,0.97,21772953428.88,20866082069.54,12226.47,11717.22,5947796811.81,0.2732,3339.95,23469.84,4790823507.45,0.2296,2690.26,18904.45,253423,0.1423,213.3024,1154.5649,58707,0.1671,931101,522.854,0.2789,2861895895.15,0.1314,1607.08,2711.55,2827504547.25,0.1355,1587.77,2678.96,1055447,0.5927,3655.0195,326286370.89,0.015,183.22,1497.01,333732453.04,0.016,187.41,1531.18,217958,0.1224,193.9202,1329591612.46,0.0611,746.62,18848.23,1454447731.68,0.0697,816.74,20618.18,70542,0.0396,55.0032,1479.5982,1107595571.99,0.0509,621.96,26420.39,1126466593.68,0.054,632.56,26870.54,41922,0.0235,27.7936,348.9343,312802713.26,0.0144,175.65,42796.92,328221880.36,0.0157,184.31,44906.54,7309,0.0041,4.4373,102.2335,1338419053.98,0.0615,751.58,6930.47,1427437004.13,0.0684,801.57,7391.41,193121,0.1084,464.9403,3729.314,1003228188.89,0.0461,563.36,14479.31,1051968769.4,0.0504,590.73,15182.7727,69287,0.0389,41.3465,3404.2037,2083791876.99,0.0957,1170.14,1312.52,2094744984.22,0.1004,1176.29,1319.42,1587627,0.8915,14299.2203,989188055.84,0.0454,555.47,962.58,988623938.57,0.0474,555.16,962.03,1027646,0.5771,2793.0357,710681005.98,0.0326,399.08,489.43,696059866.14,0.0334,390.87,479.36,1452046,0.8154,6324.6229,531171012.4,0.0244,298.28,403.98,525274771.58,0.0252,294.96,399.49,1314859,0.7384,4339.196,483960562.43,0.0222,271.77,1171.85,486787685.72,0.0233,273.35,1178.7,412988,0.2319,1465.4182,298792911.39,0.0137,167.79,22384.85,305917577.02,0.0147,171.79,22918.61,13348,0.0075,933.6418,75073211.81,0.0034,42.16,495.24,81723696.36,0.0039,45.89,539.11,151590,0.0851,334.5594,243457219.4,0.0112,136.71,1081.22,237942849.25,0.0114,133.62,1056.73,225169,0.1264,356.0463,1766001138.44,0.0811,991.69,1377.39,1748482031.52,0.0838,981.85,1363.72,1282140,0.72,3979.5677,363220215.75,359922182.17,24065146.57,13.51,0,217,220,0,210,316,0,84,199,0,653,1792,0,203,596,0,178,746,0,0,92,65,0,1,0
2022,48.0,4736999,4106768,1912675,2194093,0.5343,73,0.5407,0.4593,0.7333,0.0731,0.1431,0.0505,0.1176,1.01,24715136870.96,23950650761.77,12921.76,12522.07,6753888265.76,0.2733,3531.12,24545.4,5507864507.69,0.23,2879.67,20017.02,275159,0.1439,224.6487,1187.3162,71795,0.1778,1126823,589.1346,0.2946,3361922145.06,0.136,1757.71,2980.57,3337317026.27,0.1393,1744.84,2958.75,1127947,0.5897,3746.6428,371164869.17,0.015,194.06,1588.56,387132864.91,0.0162,202.4,1656.9,233649,0.1222,193.9253,1505207256.57,0.0609,786.96,19533.18,1665687156.65,0.0695,870.87,21615.74,77059,0.0403,57.8619,1549.6657,1252158268.41,0.0507,654.66,26939.14,1293850611.38,0.054,676.46,27836.12,46481,0.0243,29.2297,360.606,355075105.43,0.0144,185.64,44378.84,377797915.01,0.0158,197.52,47218.84,8001,0.0042,4.6736,109.5806,1398412395.08,0.0566,731.13,7081.18,1516466293.71,0.0633,792.85,7678.97,197483,0.1032,441.5878,3460.795,1061808982.01,0.043,555.14,15221.98,1127518305.14,0.0471,589.5,16163.9783,69755,0.0365,38.9528,3317.2567,2284437626.89,0.0924,1194.37,1346.96,2335089537.26,0.0975,1220.85,1376.82,1695997,0.8867,14888.8917,1056100394.63,0.0427,552.16,954.12,1072158679.43,0.0448,560.55,968.63,1106880,0.5787,2862.9244,748653259.66,0.0303,391.42,484.76,742674315.68,0.031,388.29,480.89,1544387,0.8074,6365.8949,559986693.4,0.0227,292.78,398.37,561797814.53,0.0235,293.72,399.66,1405681,0.7349,4410.3447,700575907.75,0.0283,366.28,1427.6,711361606.27,0.0297,371.92,1449.58,490738,0.2566,1604.8215,543936811.48,0.022,284.39,24158.86,562970354.69,0.0235,294.34,25004.24,22515,0.0118,1526.8888,91335996.58,0.0037,47.75,541.15,97081244.76,0.0041,50.76,575.19,168780,0.0882,351.2484,267547479.75,0.0108,139.88,1080.09,249483729.31,0.0104,130.44,1007.16,247709,0.1295,335.3826,1996671255.97,0.0808,1043.92,1643.32,1999091957.66,0.0835,1045.18,1645.31,1215022,0.6352,3806.7168,406254157.35,405306841.43,44419682.57,23.22,956,209,213,329,200,318,292,87,211,1420,637,1821,304,216,673,260,174,793,61,379,75,67,0,0,1
2022,48.0,546326,455588,179876,275712,0.6052,50,0.4432,0.5568,0.4871,0.1962,0.27,0.0467,0.4682,1.4,2805878666.94,2691992813.27,15598.96,14965.83,964331335.17,0.3437,5361.09,33454.69,772113565.3,0.2868,4292.48,26786.25,28825,0.1602,304.0094,1937.14,12762,0.2508,175797,977.3233,0.3613,325471788.08,0.116,1809.42,3194.09,333846053.47,0.124,1855.98,3276.28,101898,0.5665,4054.7099,27877057.87,0.0099,154.98,2333.59,30420194.2,0.0113,169.12,2546.48,11946,0.0664,118.4483,117883119.65,0.042,655.36,21503.67,130299629.02,0.0484,724.39,23768.63,5482,0.0305,49.2117,1309.9079,89005714.08,0.0317,494.82,30325.63,94310191.38,0.035,524.31,32132.94,2935,0.0163,20.4975,257.8832,70976998.68,0.0253,394.59,50661.67,75914163.67,0.0282,422.04,54185.7,1401,0.0078,9.1507,235.9681,130066517.93,0.0464,723.09,8640.0,142088456.5,0.0528,789.92,9438.58,15054,0.0837,437.9406,3212.8744,38796818.45,0.0138,215.69,13900.69,41638052.52,0.0155,231.48,14918.686,2791,0.0155,16.9895,1266.8505,229984792.3,0.082,1278.57,1598.74,239645139.77,0.089,1332.28,1665.89,143854,0.7997,16399.8921,80443649.45,0.0287,447.22,1095.74,83610493.04,0.0311,464.82,1138.87,73415,0.4081,2220.4741,71179644.54,0.0254,395.72,590.76,71420801.8,0.0265,397.06,592.76,120489,0.6698,5131.0458,36260114.33,0.0129,201.58,351.31,36944031.08,0.0137,205.39,357.93,103215,0.5738,3689.2415,106746535.04,0.038,593.45,2790.98,107023346.23,0.0398,594.98,2798.22,38247,0.2126,1711.8793,279479284.04,0.0996,1553.73,25708.7,289250988.31,0.1074,1608.06,26607.58,10871,0.0604,8112.4386,11218013.18,0.004,62.37,527.41,11953344.77,0.0044,66.45,561.98,21270,0.1182,487.3302,36758011.51,0.0131,204.35,1437.94,34884393.02,0.013,193.94,1364.64,25563,0.1421,531.9998,152456302.05,0.0543,847.56,1940.83,159731778.66,0.0593,888.01,2033.45,78552,0.4367,3267.5677,36942970.58,36898190.53,1922553.6,10.69,956,0,0,329,0,0,292,0,0,1420,0,0,304,0,0,260,0,0,61,379,0,0,1,0,0
2022,48.0,4190673,3651180,1732799,1918381,0.5254,75,0.5508,0.4492,0.7589,0.0603,0.1299,0.0509,0.0812,0.97,21909258204.02,21258657948.5,12643.85,12268.39,5789556930.59,0.2643,3341.16,23502.87,4735750942.39,0.2228,2733.01,19224.92,246334,0.1422,216.4106,1109.4795,59033,0.1673,951026,548.838,0.2877,3036450356.99,0.1386,1752.34,2959.36,3003470972.79,0.1413,1733.31,2927.22,1026049,0.5921,3714.6634,343287811.3,0.0157,198.11,1548.41,356712670.71,0.0168,205.86,1608.97,221703,0.1279,201.7603,1387324136.92,0.0633,800.63,19382.26,1535387527.63,0.0722,886.07,21450.85,71577,0.0413,58.7598,1574.5542,1163152554.33,0.0531,671.26,26710.89,1199540420.0,0.0564,692.26,27546.51,43546,0.0251,30.1362,371.2693,284098106.75,0.013,163.95,43045.17,301883751.33,0.0142,174.22,45739.96,6600,0.0038,4.2088,96.4607,1268345877.15,0.0579,731.96,6952.55,1374377837.21,0.0647,793.15,7533.77,182429,0.1053,441.9664,3486.5308,1023012163.56,0.0467,590.38,15277.05,1085880252.61,0.0511,626.66,16215.881,66964,0.0386,41.2327,3530.1025,2054452834.59,0.0938,1185.63,1323.62,2095444397.49,0.0986,1209.28,1350.03,1552143,0.8957,14732.0399,975656745.17,0.0445,563.05,944.06,988548186.39,0.0465,570.49,956.54,1033465,0.5964,2929.615,677473615.12,0.0309,390.97,475.79,671253513.88,0.0316,387.38,471.42,1423898,0.8217,6494.0804,523726579.07,0.0239,302.24,402.1,524853783.45,0.0247,302.89,402.97,1302466,0.7517,4485.2,593829372.71,0.0271,342.7,1312.36,604338260.04,0.0284,348.76,1335.58,452491,0.2611,1593.7082,264457527.44,0.0121,152.62,22711.91,273719366.38,0.0129,157.96,23507.33,11644,0.0067,843.2651,80117983.4,0.0037,46.24,543.14,85127899.98,0.004,49.13,577.1,147510,0.0851,337.1222,230789468.24,0.0105,133.19,1038.91,214599336.29,0.0101,123.85,966.03,222146,0.1282,314.9725,1844214953.92,0.0842,1064.3,1622.76,1839360179.0,0.0865,1061.5,1618.49,1136470,0.6559,3862.684,369311186.77,368408650.9,42497128.97,24.53,0,209,213,0,200,318,0,87,211,0,637,1821,0,216,673,0,174,793,0,0,75,67,0,1,0
